제목,가사,가수,발매일,좋아요수,장르
야야야,"야 야야야야 다 같이
야 야야야야 더 크게
야 야야야야 신나게
한 잔 술에 취한 몸이
두 잔 술에 호프집으로
오늘밤은 왠지
나도 한 번 취하고 싶어
소주에는 짬뽕
생맥주에는 노가리
이왕이면 닭다리 잡고
뜯어 뜯어
밤하늘에 별들처럼
모여 사는 도시 밤거리
네온싸인 불빛 아래서
너를 너를 사랑해
너의 맘 불지를 거야
진짜 진짜 진짜
뜨겁게 달궈줄 거야
나를 나를 믿어봐
진짜 진짜 믿어봐
당신 맘을 확실히 불지를 거야
야 야야야야 다 같이
야 야야야야 더 크게
야 야야야야 신나게
잘난 사람 못난 사람
너도 나도 사연은 많아
인생살이가 노래가사 같더냐
요번에는 진짜냐
다음번에 진짜냐
이왕이면 똘똘 뭉쳐줄 사람
반달 같은 그 눈썹에
앵두 같은 너의 입술
오색등불 조명 아래서
너를 너를 좋아해
너의 맘 불지를 거야
진짜 진짜 진짜
뜨겁게 달궈줄 거야
나를 나를 믿어봐
진짜 진짜 믿어봐
당신 맘을 확실히 불지를 거야
야 야야야야 다 같이
야 야야야야 더 크게
야 야야야야 신나게",이박사,2015.09.21,437,성인가요/트로트
꽃물,"꽃물이 들었어요
외로웠던 나의 가슴에
빨강 노랑 분홍빛의
곱디 고운 사랑 꽃물이
어서 내게로 오세요
어서 손잡아 주세요
나는 그대 남자에요
하나도 아낌없이
하나도 남김없이
모두모두 줄게요
눈물일랑 주지 말아요
아픔일랑 주지 말아요
이제는 그대만이
나에게 전부에요
영원히 영원히 영원히
꽃물 든 나의 가슴에
상처를 주지 마세요
그대를 사랑합니다
꽃물이 들었어요
외로웠던 나의 가슴에
빨강 노랑 분홍빛의
곱디 고운 사랑 꽃물이
어서 내게로 오세요
어서 손잡아 주세요
나는 그대 남자에요
하나도 아낌없이
하나도 남김없이
모두모두 줄게요
눈물일랑 주지 말아요
아픔일랑 주지 말아요
이제는 그대만이
나에게 전부에요
영원히 영원히 영원히
꽃물 든 나의 가슴에
상처를 주지 마세요
그대를 사랑합니다
그대를 사랑합니다",신유,2016.12.13,219,성인가요/트로트
구로 아가씨,"기숙사 창틈으로 달빛이 스며들면
두고온 고향하늘 보고싶은 그얼굴
낮이면 공단에서 인생의 나래펴고
밤에는 야학에서 내일을 설계하는
나는야 꿈도 많은 구로 아가씨
그누가 타향살이 외롭다 말했던가
고향처럼 아늑한 정이지 않는가
어쩌다 소꼽동무 옛생각 스칠때면
수줍어 미소짓는 보람의 나루터
나는야 꿈도 많은 구로 아가씨",정수라,1983.09.05,29,성인가요/트로트
강진애,"백련사 동백꽃이 흐드러지게 피었네
길위에 떨어진 동백 꽃잎은 외로움의 눈물이었나
사랑을 맹세하며 함께걷던 이길에
무심한 산새소리만
아 아 아 님은떠나고 동백꽃만 붉게피었네

둘이서 함께걷던 가우도 출렁다리
저멀리 고금대교 불빛들은 그리움의 눈물이였나
영원을 다짐했던 까막섬의 숲길에
애닯은 파도소리만
아 아 아 돌아와주오 내사랑 강진 강진애

사랑을 맹세하며 함께걷던 이길에
무심한 산새소리만
아 아 아 돌아와주오 내사랑 강진 강진애",정의송,2017.04.03,50,성인가요/트로트
하늘에게 물으니,"하늘에게 물으니 높게 보라 합니다
음
바다에게 물으니 넓게 보라 합니다
저 산에게 물으니 올라서라 합니다
음
바람에게 물으니 맞서라고 합니다
높게 보라 하지만 넓게 보라 하지만
한치 앞도 볼 수 없는 세상인 것을
산다는 것이 얼마나 고독한 일이던가
그래도 살아보자 사랑하자
태양에게 물으니 도전하라 합니다
음
달님에게 물으니 빛이 되라 합니다
어둠에게 물으니 쉬어가라 합니다
음
비에게 물으니 씻어내라 합니다
도전하라 하지만 빛이 되라 하지만
끝이 없는 갈등만이 가득한 세상
산다는 것이
얼마나 고독한 일이던가
그래도 살아보자 사랑하자
그래도 살아보자 사랑하자",박정식,2017.07.17,337,성인가요/트로트
초혼,"산산이 부서진 이름이여!
허공(虛空)속에 헤어진 이름이여!
불러도 주인(主人)없는 이름이여!
부르다가 내가 죽을 이름이여!

붉은 해는 서산(西山) 마루에 걸리었다.
사슴의 무리도 슬피 운다.
떨어져 내가 앉은 산위에
나는 그대의 이름을 부르노라.

사랑하던 그 사람이여!
사랑하던 그 사람이여!

떨어져 내가 앉은 산위에
나는 그대의 이름을 부르노라.

사랑하던 그 사람이여!
사랑하던 그 사람이여!

나나",이은하,1997.06.05,67,성인가요/트로트
아리수 (한강),"가시리 가시리 가시리 가시리 잇고
흘러간 강물은 돌아오지 않는다
가시리 가시리 가시리 잇고
한 번 떠난님은 오지 않는다
가시리 가시리 가시리 가시리 잇고
흰구름 두둥실 강물에 흐른다
가시리 가시리 가시리 잇고
소리개가 아리수를 날은다
아리아리아리수 흘러간다 아리수
아리랑 아라리요 아리수 흘러간다
가시리 가시리 가시리 가시리 잇고
흰구름 두둥실 강물에 흐른다
가시리 가시리 가시리 잇고
강물처럼 역사는 흐른다
아리아리아리수 흘러간다 아리수
아리랑 아라리요 아리수 흘러간다
아리랑 아라리요 아리수 흘러간다
아리수 흘러간다 아리수 흘러간다",나훈아,2018.02.05,66,성인가요/트로트
골목길,"오늘밤은 너무 깜깜해
별도 달도 모두 숨어버렸어
네가 오는 길목에 나 혼자 서있네
혼자있는 이 길이 난 정말 싫어
찬바람이 불어서 난 더욱 싫어
기다림에 지쳐 눈물이 핑 도네
지금 올 시간이 된 것도 같은데
지금 내 모습이 보일 것도 같은데
혼자있는 이 길은 아직도 쓸쓸해
골목길에서
널 기다리네
아무도 없는 쓸쓸한 골목길
오늘밤은 너무 깜깜해
별도 달도 모두 숨어버렸어
네가 오는 길목에 나혼자 서있네
혼자 있는 이 길이 난 정말 싫어
찬바람이 불어서 난 더욱 싫어
기다림에 지쳐 눈물이 핑 도네
이제 올 시간이 된 것도 같은데
이제 내 모습이 보일 것도 같은데
혼자 있는 이 길은 아직도 쓸쓸해
골목길에서 널 기다리네
아무도 없는 쓸쓸한 골목길
골목길 골목길 골목길 골목길
골목길 골목길 골목길 골목길",이재민,2019.01.07,112,성인가요/트로트
토닥토닥,"당신이 있는 곳에도
봄날은 찾아옵니까
봄날에 떨어진 꽃잎은
나의 작은 안부입니다
여름날에 아무 예고 없이
소나기 내리는 것은
저세상에 못다 한 사랑
서러운 이유겠지요
그리워 그리워라
서러워 서러워라
단 한 번 보신다면
맘 놓고 울고 싶어라
토닥토닥 토닥토닥
나를 안고 울어주세요
두 번 다시 놓지 마세요
당신이 있는 곳에도
가을은 찾아옵니까
가을에 떨어진 낙엽은
메마른 내 눈물입니다
겨울날에 그저 하염없이
흰 눈이 내리는 것은
저세상에 못다 한 꿈이
부서진 이유겠지요
그리워 그리워라
서러워 서러워라
단 한 번 보신다면
맘 놓고 울고 싶어라
토닥토닥 토닥토닥
나를 안고 울어주세요
두 번 다시 놓지 마세요",신유,2019.03.28,269,성인가요/트로트
남은인생,"남은인생 남은인생 한번뿐인 인생
나를위해 살아 보는거야
지난세월 수고했다 내청춘아
날 위해 살련다 남은인생
잘 산다는게 따로 있나요
밥 잘먹고 살면 되는거지
낙원 이란게 따로 있나요
내 사람과 있으면 낙원이지
남은인생 남은인생 한번뿐인 인생
나를위해 살아보는거야
지난세월 수고했다 내청춘아
날 위해 살련다 남은인생
날 위해 살련다 남은인생
친구 라는게 따로 있나요
술이나 한잔 하면 되는거지
사랑 이란게 따로있나요
당신 손 잡고 함께 걷는거지
남은인생 남은인생 한번뿐인 인생
나를위해 살아보는거야
지난세월 수고했다 내청춘아
날 위해 살련다 남은인생
날 위해 살련다 남은인생",최현상,2019.04.11,90,성인가요/트로트
춘천역에서,"가랑비 부슬부슬
내리는 춘천역에서
잊고 살던 그 사람
우연히 만날 줄이야
횡단보도 하얀 점선에
할 말을 내려놓고
그날처럼 엇갈린다
또 만날 기약도 없이
멀어져 버린 우리 두 사람
서글픈 우리의 사랑
기억도 가물가물
희미한 시간 속으로
멀어져 간 그 사람
또다시 만날 줄이야
횡단보도 하얀 점선에
할 말을 내려놓고
그날처럼 엇갈린다
또 만날 기약도 없이
돌아서 버린 춘천역에서
내 마음 비에 젖는다
돌아서 버린 춘천역에서
내 마음 비에 젖는다",윤쾌로,2019.04.23,66,성인가요/트로트
척척 (척척하지 마세요),"안녕했는가
아따 명준이가 왔다
잘난 척 쿨한 척 많이 아는 척
누가 보면 척척박사 나셨네
있는 척 없는 척 맘이 착한 척
척척하지 마세요
자연스럽게 내추럴하게
이것저것 재지 말고
너는 너답게 나는 나답게
살아가는 거야
척척하지 마세요
척척하지 마세요
애쓰지 말고 떼쓰지 말고
살아가는 거야
척척하지 마세요
잘난 척 쿨한 척 많이 아는 척
누가 보면 척척박사 나셨네
있는 척 없는 척 맘이 착한 척
척척하지 마세요
자연스럽게 내추럴하게
이것저것 재지 말고
너는 너답게 나는 나답게
살아가는 거야
척척하지 마세요
척척하지 마세요
애쓰지 말고 떼쓰지 말고
살아가는 거야
척척하지 마세요
잘난 척 쿨한 척 많이 아는 척
척척하지 마세요
있는 척 없는 척 맘이 착한 척
애쓰지 말고 떼쓰지 말고
살아가는 거야
척척하지 마세요",MJ (ASTRO),2019.06.14,"4,031",성인가요/트로트
엄마아리랑 (Inst.),"엄마아리랑 아리랑
아리아리랑 아라리요
아들딸아 잘되거라
밤낮으로 기도한다
엄마 아리랑
사랑하는 내 아가야
보고싶다 우리 아가
천년만년 지지 않는 꽃이 피는구나
아 리 랑 아 리 랑
사랑 음 사랑 음 엄마 아리랑
아리아리랑 아라리요
쓰리쓰리랑 아라리요
우리 엄마 사랑은
아리랑 엄마 아리랑
엄마아리랑 아리랑
아리아리랑 아라리요
우리 엄마 무병장수
정성으로 기원하오
엄마 아리랑
사랑하는 내 어머니
보고싶소 울 어머니
서산마루 해가 지고 달이 뜨는구나
아 리 랑 아 리 랑
사랑 음 사랑 음 엄마아리랑
아리아리랑 아라리요
쓰리쓰리랑 아라리요
우리 엄마 사랑은 아리랑
엄마 아리랑
아 리 랑 아 리 랑
사랑 음 사랑 음
엄마 엄마
우리 어머니 아 리 랑
에야디야 에헤라디야디야
에야디야 에헤라디야디야
에야디야 에헤라디야디야
엄마 아리랑",송가인,2019.11.04,"6,146",성인가요/트로트
엄마아리랑 (Ballad Ver.) (Inst.),"엄마아리랑 아리랑
아리아리랑 아라리요
아들딸아 잘되거라
밤낮으로 기도한다
엄마 아리랑
사랑하는 내 아가야
보고 싶다 우리 아가
천년만년 지지 않는 꽃이 피는구나
아 리 랑 아 리 랑
사랑 음 사랑 음 엄마 아리랑
엄마아리랑 아리랑
아리아리랑 아라리요
우리 엄마 무병장수
정성으로 기원하오
엄마 아리랑
사랑하는 내 어머니
보고싶소 울 어머니
서산마루 해가 지고 달이 뜨는구나
아 리 랑 아 리 랑
사랑 음 사랑 음 엄마아리랑
아리아리랑 아라리요
쓰리쓰리랑 아라리요
우리 엄마 사랑은 아리랑
엄마 엄마
우리 어머니
아리랑",송가인,2019.11.04,"6,020",성인가요/트로트
천생연분,"사랑꽃 만개하는 내 마음속엔
언제나 당신 뿐이야
이때가 지나면 떠나갑니다
늦기 전에 꽉 잡아 주세요
날이 가고 해가 지나고
세월이 흘러도
변치 않는 사랑 만들어요
잊지 말아요 이젠
당신과 나는 우린
백년가약 천생연분이야
때로는 고된 날도 올 수 있겠죠
우리도 늙어 가겠죠
그때가 온대도 잡은 두 손을
놓지마요 함께 갈 거야
날이 가고 해가 지나고
세월이 흘러도
변치 않는 사랑 만들어요
잊지 말아요 이젠
당신과 나는 우린
백년가약 천생연분이야
잊지 말아요 이젠
당신과 나는 우린
백년가약 천생연분이야",김민희,2019.12.26,95,성인가요/트로트
찔레꽃,"엄마 일 가는 길에
하얀 찔레꽃
찔레꽃 하얀 잎은
맛도 좋지
찔레꽃
붉게 피는
남쪽 나라
내 고향
언덕 위에
초가삼간
그립습니다
자주 고름
입에 물고
눈물
젖어
이별가를
불러주던
못 잊을
사람아
달뜨는
저녁이면
노래하던
새 동무
천리객창
북두성이
서럽습니다
작년 봄에
모여 앉아
찍은
사진
하염없이
바라보니
즐거운
시절아
작년 봄에
모여 앉아
찍은
사진
하염없이
바라보니
즐거운
시절아
즐거운
시절아
즐거운
시절아",김용임,2020.03.19,97,성인가요/트로트
댄싱퀸 (2020 Ver.),"새침한 아가씨 지적인 아가씨
말숙한 아가씨
사랑할 준비하고 모두 다 오세요
무지개 빛 찬란한 희망을 꿈꾸며
나의 정열에 음악에 맞춰 춤을 춰요
춤을 춥시다 밤이 새도록
그대의 날이랍니다
댄스 댄스 댄스 춤을 춤시다
댄스 댄스 댄스 리듬에 맞춰
댄스 댄스 댄스 내게 오세요
그대 오늘의 섹시한 여자
오 댄싱퀸
어려워 마세요 창피해 마세요
두려워 마세요
사랑할 준비하고 모두 다 오세요
골치 아픈 하루 일 모두 다 잊고서
나의 정열에 음악에 맞춰 춤을 춰요
춤을 춥시다 밤이 새도록
그대의 날이랍니다
댄스 댄스 댄스 춤을 춤시다
댄스 댄스 댄스 리듬에 맞춰
댄스 댄스 댄스 내게 오세요
그대 오늘의 섹시한 여자
오 댄싱퀸
댄스 댄스 댄스 춤을 춤시다
댄스 댄스 댄스 리듬에 맞춰
댄스 댄스 댄스 내게 오세요
그대 오늘의 섹시한 여자
오 댄싱퀸
그대 오늘의 섹시한 여자
그대 오늘의 섹시한 여자
오 댄싱퀸",박현빈,2020.04.01,228,성인가요/트로트
99.9,"붙잡아 내 뒤를 꼭 잡아
기회는 한 번 뿐이야
보기엔 소박하고
계산은 느리지만
당신 하나쯤
행복하게 할 수 있어
멋진 옷에 좋은 차
부러워 하지마
빈수레가 요란하잖아
속이 꽉찬 남자
구십 구점 구
사랑도 구십 구점 구
거짓없는 마음 하나로
당신만을기다리잖아
따라와 날 믿고 따라와
더이상 망설이지마
꾸미기 싫어하고
말씨는 서툴지만
당신 앞에선
누구보다 남자답지
번지르한 겉 모습
거기에 속지 마
빈 깡통이 소리가 크지
속이 꽉찬 농산물
구십 구점 구
농민도 구십 구점 구
거짓없는 마음 하나로
당신만을 기다리잖아
속이 꽉찬 농산물 구십 구점 구
농민도 구십 구점 구
거짓없는 마음 하나로
국민만을 기다리잖아",영탁,2020.06.03,"5,175",성인가요/트로트
있을 때 잘해,"있을 때 잘해 후회하지 말고
있을 때 잘해 후회하지 말고
있을 때 잘해 흔들리지 말고
있을 때 잘해 흔들리지 말고
가까이 있을 때 붙잡지 그랬어
있을 때 잘해 그러니까 잘해
있을 때 잘해 그러니까 잘해
이번이 마지막 마지막 기회야
이제는 마음에 그 문을 열어줘
아무도 모르게 보고파질 때
그럴 때마다 너를 찾는거야
바라보고 있잖아 있잖아
사랑하고 있잖아 있잖아
더 이상 내게 무얼 바라나
있을 때 잘해 있을 때 잘해
있을 때 잘해 후회하지 말고
있을 때 잘해 후회하지 말고
있을 때 잘해 흔들리지 말고
있을 때 잘해 흔들리지 말고
가까이 있을 때 붙잡지 그랬어
있을 때 잘해 그러니까 잘해
있을 때 잘해 그러니까 잘해
이번이 마지막 마지막 기회야
이제는 마음에 그 문을 열어줘
아무도 모르게 보고파질 때
그럴 때마다 너를 찾는거야
바라보고 있잖아 있잖아
사랑하고 있잖아 있잖아
더 이상 내게 무얼 바라나
있을 때 잘해 있을 때 잘해",장민호,2020.06.10,"2,269",성인가요/트로트
타타타,"네가 나를 모르는데
난들 너를 알겠느냐
한치앞도 모두 몰라
다 안다면 재미없지
바람이 부는 날은 바람으로
비오면 비에 젖어
사는거지 그런거지
음음음 아 하하
산다는건 좋은거지
수지맞는 장사잖소
알몸으로 태어나서
옷한벌은 건졌잖소
우리네 헛짚는 인생살이
한세상 걱정조차 없이 살면
무슨 재미 그런게 덤이잖소
네가 나를 모르는데
난들 너를 알겠느냐
한치앞도 모두 몰라
다 안다면 재미없지
바람이 부는 날은 바람으로
비오면 비에 젖어
사는거지 그런거지
음음음 아 하하
산다는건 좋은거지
수지맞는 장사잖소
알몸으로 태어나서
옷한벌은 건졌잖소
우리네 헛짚는 인생살이
한세상 걱정조차 없이 살면
무슨 재미 그런게 덤이잖소",이찬원,2020.06.26,"4,642",성인가요/트로트
꼰대라떼,"제발 그만그만 그만해
오늘도 시작되는 꼰대라떼
아침에 한 잔 점심에 세 잔
저녁엔 열 잔이나 마셨는데
뻔뻔하게 뻔하게 반복되는
하루가 지나간다
왕년에 내가 말하신다면
오늘도 시작이구나
니까짓 게 뭘알아 궁금하시면
라떼를 한잔드세요
라떼라떼라떼라떼 라떼는 말이야
라떼라떼라떼라떼 라떼는 말이야
아침부터 시작되는 꼰대라떼
라떼라떼라떼라떼 라떼는 말이야
라떼라떼라뗀 말이야
제발 그만그만 그만해
오늘도 반복되는 꼰대라떼
아침에 번쩍 점심에 헤롱
저녁엔 내 정신이 어딜 갔나
뻔뻔하게 뻔하게 반복되는
하루가 지나간다
왕년에 내가 말하신다면
오늘도 시작이구나
니까짓 게 뭘 알아 궁금하시면
라떼를 한잔 드세요
라떼라떼라떼라떼 라떼는 말이야
라떼라떼라떼라떼 라떼는 말이야
아침부터 시작되는 꼰대라떼
라떼라떼라떼라떼 라떼는 말이야
라떼라떼라뗀 말이야
제발 그만그만 그만해
오늘도 반복되는 꼰대라떼
라떼라떼라떼라떼 라떼는 말이야
라떼라떼라떼라떼 라떼는 말이야
하루종일 계속되는 꼰대라떼
라떼라떼라떼라떼 라떼는 말이야
라떼라떼라뗀 말이야
제발 그만그만 그만해
리필은 됐습니다 꼰대라떼",영탁,2020.07.09,"4,603","성인가요/트로트, 국내드라마"
비처럼 음악처럼,"비가 내리고 음악이 흐르면
난 당신을 생각해요
당신이 떠나시던 그 밤에
이렇게 비가 왔어요
비가 내리고 음악이 흐르면
난 당신을 생각해요
당신이 떠나시던 그 밤에
이렇게 비가 왔어요
난 오늘도 이 비를 맞으며
하루를 그냥 보내요
오 아름다운 음악같은
우리의 사랑의 이야기들은
흐르는 비처럼
너무 아프기 때문이죠
난 오늘도 이 비를 맞으며
하루를 그냥 보내요
오 아름다운 음악같은
우리의 사랑의 이야기들은
흐르는 비처럼
너무 아프기 때문이죠
그렇게 아픈 비가 왔어요",영탁,2020.07.29,"5,335",성인가요/트로트
만약에 (MR),"만약에 당신이 그 누구와
사랑에 빠지면
그 사랑을 위해서 무얼할 수 있나
텅빈세상 살아가는 이유가
만약에 너라면 어떡하겠니
사는 동안 단 한 번의 사랑이
만약에 너라면 허락하겠니
얼마나 더많이 외로워해야
널 끌어안고서 울어볼까
이제는 더이상 지칠 몸조차
비워둘 마음조차 없는데
또다른 이유로 널 못본다면
나 살아가는 의미도 없지
만약에 널 위해 나 죽을 수 있다면
날 받아 주겠니
텅빈세상 살아가는 이유가
만약에 너라면 어떡하겠니
사는 동안 단 한 번의 사랑이
만약에 너라면 허락하겠니
얼마나 더 많이 외로워해야
널 끌어안고서 울어볼까
이제는 더이상 지칠 몸조차
비워둘 마음조차 없는데
또다른 이유로 널 못본다면
나 살아가는 의미도 없지
만약에 널 위해 나 죽을 수 있다면
날 받아 주겠니
만약에 널 위해 나 죽을 수 있다면
날 받아 주겠니
만약에 당신이 그 누구와
사랑에 빠지면
그 사람을 위해서 다 해줄 수 있나",조항조,2020.07.31,"17,581",성인가요/트로트
이제 나만 믿어요 (MR),"무얼 믿은 걸까 부족했던 내게서
나조차 못 믿던 내게 여태 머문 사람
무얼 봤던 걸까 가진 것도 없던 내게
무작정 내 손을 잡아 날 이끈 사람
최고였어
그대 눈 속에 비친 내 모습
이제는 내게서 그댈 비춰줄게
궂은 비가 오면
세상 가장 큰 그대 우산이 될게
그댄 편히 걸어가요
걷다가 지치면
내가 그대를 안고 어디든 갈게
이제 나만 믿어요
나만 두고 가던
나만 스쳐 간 행운이 모여
그대가 되어서 내게 와준 거야
궂은 비가 오면
세상 가장 큰 그대 우산이 될게
그댄 편히 걸어가요
걷다가 지치면
내가 그대를 안고 어디든 갈게
이제 나만 믿어요
나의 마지막 주인공이 되어
다신 누구 앞에서도
그대는 고개 숙이지 마요
내가 보지 못했던 홀로 고단했던 시간
고맙고 미안해요 사랑해요
이 세상은
우리를 두고 오랜 장난을 했고
우린 속지 않은 거야
이제 울지 마요
좋을 땐 밤새도록 맘껏 웃어요
전부 그대 꺼니까
그대는 걱정 말아요
이제 나만 믿어요",임영웅,2020.08.07,"10,016",성인가요/트로트
보고싶은 얼굴,"내사랑 어디 쯤에 있나
밤은 더 외로워만 지고
눈으로 주고받던 말이
손으로 느껴지는데
수없이 많은 밤은 가고
마음은 그대 향해 있어
서글퍼 눈물이 흘러도
보고 싶은 얼굴
메마른 가슴 끌어안고
정들은 사람 그리면서
혼자서 지새우는 밤에
보고 싶은 사람
랄라라 라라라라 라라
랄라라 라라라라 라라
내사랑 어디 쯤에 있나
밤은 더 외로워만 지고
눈으로 주고 받던 말이
손으로 느껴지는데
수없이 많은 밤은 가고
마음은 그대 향해 있어
서글퍼 눈물이 흘러도
보고싶은 얼굴
메마른 가슴 끌어안고
정들은 사람 그리면서
혼자서 지새우는 밤에
보고 싶은 사람
랄라라 라라라라 라라
랄라라 라라라라 라라
랄라라 라라라라 라라
혼자서 지새우는 밤에
보고 싶은 사람
수없이 많은 밤은 가고
마음은 그대 향해 있어
서글퍼 눈물이 흘러도
보고싶은 얼굴",김희재,2020.09.18,"2,698",성인가요/트로트
사랑은 나비인가 봐+나는 열일곱살이예요,"[이찬원_사랑은 나비인가 봐]
고요한 내 가슴에 나비처럼 날아와서
사랑을 심어놓고 나비처럼 날아간 사람
내 가슴에 지울 수 없는 그리움 주고 간 사람
그리운 내 사연을 뜬구름아 전해다오
아아아 아아아아아 사랑은 얄미운 나비인가 봐

[정동원_나는 열일곱살이예요]
나는 가슴이 두근거려요 당신만 아세요 열일곱살이에요
가만히 가만히 오세요 요리조리로
파랑새 꿈꾸는 버드나무 아래로
가만히 오세요 가만히 오세요",이찬원,2020.10.05,"5,939",성인가요/트로트
사랑의 밧줄,"밧줄로 꽁꽁
밧줄로 꽁꽁
단단히 묶어라
내 사랑이 떠날 수 없게
사랑의 밧줄로 꽁꽁 묶어라
내 사랑이 떠날 수 없게
당신 없는 세상은 단 하루도
나 혼자서 살 수가 없네
바보같이 떠난다니
바보같이 떠난다니
나는 나는 어떡하라고
밧줄로 꽁꽁
밧줄로 꽁꽁
단단히 묶어라
내 사랑이 떠날 수 없게
밧줄로 꽁꽁
밧줄로 꽁꽁
단단히 묶어라
사랑의 밧줄로 꽁꽁 묶어라
그 사람이 떠날 수 없게
당신 없는 세상은 나 혼자서
아무것도 할 수가 없네
나를 두고 떠난다니
나를 두고 떠난다니
정말 정말 믿을 수 없어
밧줄로 꽁꽁
밧줄로 꽁꽁
단단히 묶어라
그 사람이 떠날 수 없게
밧줄로 꽁꽁
밧줄로 꽁꽁
단단히 묶어라
밧줄로 꽁꽁
밧줄로 꽁꽁
단단히 묶어라
내 사랑이 떠날 수 없게
내 사랑이 떠날 수 없게
내 사랑이 떠날 수 없게",트둥이(이송연&오유진),2021.01.31,144,성인가요/트로트
죽는 시늉 (MR),"아무리 둘러봐도
당신만한 사람은 없어
아무리 찾아봐도
당신만큼 예쁜 사람은 없어
내 눈엔 당신입니다
오로지 당신입니다
자꾸만 생각납니다
당신을 사랑합니다
어떻게 해야 할까요
어떻게 하면 좋을까요
어떻게 하면 내 맘 알까요
죽으라면 죽는 시늉까지 할게요
아무리 살펴봐도
당신 밖에 보이질 않아
아무리 따져 봐도
당신만큼 좋은 사람은 없어
수많은 사람들 중에
당신만 보였습니다
수많은 인연 중에서
당신은 사랑의 인연
어떻게 해야 하나요
당신이 너무 좋은데
어떻게 하면 내 속 알까요
죽으라면 죽는 시늉까지 할게요
죽으라면 죽는 시늉까지 할게요",임영웅,2021.04.27,"7,283",성인가요/트로트
사진첩,"이제 와 찰칵 그대를 담으려
느린 눈을 깜빡여요
미워도 찰칵 넣어둘게요
내 마음속 사진첩 안에
사진이라도 찍어둘 것을
이제 와 후회가 됩니다
영원할거라 믿어버렸던
어리석은 내가 미워요
이제 와 찰칵 그대를 담으려
느린 눈을 깜빡여요
미워도 찰칵 넣어둘게요
내 마음속 사진첩 안에
타버린 가슴 치며 울어도
그대를 안을 수 없네요
가슴에 새긴 그대 모습이
그리워 눈물이 흘러요
이제와 찰칵 그대를 담으려
느린 눈을 깜빡여요
미워도 찰칵 넣어둘게요
내 마음속 사진첩 안에
내 마음속 사진첩 안에",강혜연,2021.04.30,335,성인가요/트로트
화난 여자,"사랑한다고 나를 좋아한다고
뜨겁게 맹세해놓고
몇 년됐다고 다른 여자의
꽁무닐 쫓아다녀
진짜 오해야 정말 잘못 본거야
눈뜨면 거짓말이야
믿고 싶지만 참고 싶지만
요번엔 딱 걸렸어
못 나갈때 바리바리 거둬서
인간 만들어 놨더니
먹고 살만 하니까 나를 배신해
에라 몹쓸 사람아
앞으론 국물도 없다
싫어지는 인생사가
나를 울려버리네
사랑한다고 나를 좋아한다고
뜨겁게 맹세해놓고
몇 년됐다고 다른 여자의
꽁무닐 쫓아다녀
진짜 오해야 정말 잘못 본거야
눈뜨면 거짓말이야
믿고 싶지만 참고 싶지만
요번엔 딱 걸렸어
못 나갈때 바리바리 거둬서
인간 만들어 놨더니
먹고 살만 하니까 나를 배신해
에라 몹쓸 사람아
앞으론 국물도 없다
싫어지는 인생사가
나를 울려버리네
못 나갈때 바리바리 거둬서
인간 만들어 놨더니
먹고 살만 하니까 나를 배신해
에라 몹쓸 사람아
앞으론 국물도 없다
싫어지는 인생사가
나를 울려버리네
나를 울려버리네",김희재,2021.05.04,"1,969",성인가요/트로트
청춘을 돌려다오,"청춘을 돌려다오
젊음을 다오
흐르는 내 인생의
애원이란다
못다한 그 사랑도
태산 같은데
가는 세월 막을 수는
없지 않느냐
청춘아 내 청춘아
어딜 가느냐
청춘을 돌려다오
젊음을 다오
흐르는 내 인생의
애원이란다
지나간 그 옛날이
어제 같은데
가는 세월 막을 수는
없지 않느냐
청춘아 내 청춘아
어딜 가느냐",별사랑,2021.05.12,241,성인가요/트로트
아내에게 바치는 노래,"젖은 손이 애처로워 살며시
잡아본 순간
거칠어진 손마디가
너무나도 안타까웠소
시린 손끝에 뜨거운 정성
고이 접어 다져온 이 행복
여민 옷깃에 스미는 바람
땀방울로 씻어온 나날들
나는 다시 태어나도
당신만을 사랑하리라
미운 투정 고운 투정
말없이 웃어넘기고
거울처럼 마주보며 살아온
꿈같은 세월
가는 세월에 고운 얼굴은
잔주름이 하나둘 늘어도
내가 아니면 누가 살피랴
나 하나만 믿어온 당신을
나는 다시 태어나도
당신만을 사랑하리라",양지은,2021.05.26,"1,074",성인가요/트로트
집에 가는 길,"울고 넘는 박달재를 소리쳐 부르며
한 잔 술에 취한 몸은 집으로 가는데
어두워진 골목 길 돌아서니
외로운 가로등 하나
취한 눈 크게 뜨고 바라보니
불 꺼진 내 창가엔 달빛 내리고
옛사랑 순이가 보고싶구나
철없던 시절 내 곁을 떠난 그대
사나이 가슴에 추억을 남겨준
그대는 나의 첫사랑이었 어
울고 넘는 박달재를 소리쳐 부르며
한 잔 술에 취한 몸은 집으로 가는데
어두워진 골목 길 돌아서니
외로운 가로등 하나
취한 눈 크게 뜨고 바라보니
불 꺼진 내 창가엔 달빛 내리고
옛사랑 순이가 보고싶구나
철없던 시절 내 곁을 떠난 그대
사나이 가슴에 추억을 남겨준
그대는 나의 첫사랑이었어
그대는 나의 첫사랑이었어",손빈아,2021.06.14,66,성인가요/트로트
무시로,"이미 와버린 이별인데
슬퍼도 울지 말아요
이미 때늦은 이별인데
미련은 두지 말아요
눈물을 감추어요 눈물을 아껴요
이별보다 더 아픈 게 외로움인데
무시로 무시로
그리울 때 그 때 울어요
이미 돌아선 님이라면
미워도 미워 말아요
이미 약속된 이별인데
아무 말 하지 말아요
눈물을 감추어요 눈물을 아껴요
이별보다 더 아픈 게 외로움인데
무시로 무시로
그리울 때 그 때 울어요
눈물을 감추어요 눈물을 아껴요
이별보다 더 아픈 게 외로움인데
무시로 무시로
그리울 때 그 때 울어요",김의영,2021.06.16,175,성인가요/트로트
수리수리술술,"수리수리술술 잘 풀릴 거야
당신 사랑 내 사랑을
두 가슴에 담아서
흔들어 흔들어 비비고 비비고
맛있게 비비면
세상 모든 일이 거짓말처럼
수리수리술술 잘 풀릴 거야
사랑이 아파 눈물이 나는 날도
세상살이 힘이 들어도
당신과 내가 마음을 기대고
흔들어 흔들어 비비고 비비면
잘 풀릴 거야 세상 모든 일이
수리수리술술 잘 풀릴 거야
우리들의 사랑도 잘 풀릴 거야
수리수리술술 잘 풀릴 거야
수리수리수리수리
수리수리술술 잘 풀릴 거야
당신 사랑 내 사랑을
두 가슴에 담아서
흔들어 흔들어 비비고 비비고
밤새도록 비비면
세상 모든 일이 거짓말처럼
수리수리술술 잘 풀릴 거야
가슴이 아파 눈물이 나는 날도
세상이 아파 몸살이 나도
당신과 내가 마음을 기대고
흔들어 흔들어 비비고 비비면
잘 풀릴 거야 세상 모든 일이
수리수리술술 잘 풀릴 거야
우리들의 사랑도 잘 풀릴 거야
수리수리술술 잘 풀릴 거야
두 손을 잡고 밤새도록 비비고
수리수리술술",양지은,2021.06.16,"1,539",성인가요/트로트
바다에 누워,"나 하나의 모습으로 태어나
바다에 누워
해 저문 노을을 바라다 본다
설 익은 햇살에
젖은 파도는 눈물 인듯
씻기워 간다
일만의 눈부심이 가라앉고
밀물의 움직임 속에
뭇 별도 제각기 누워 잠잔다
마음은 물결처럼 흘러만 간다
저 바다에 누워
외로운 물새 될까
물살의 깊은 속을 항구는 알까
저 바다에 누워
외로운 물새 될까
나 하나의 모습으로 태어나
바다에 누워
해 저문 노을을 바라다 본다
설 익은 햇살에
젖은 파도는 눈물인듯
씻기워 간다
일만의 눈부심이 가라앉고
밀물의 움직임 속에
뭇 별도 제각기 누워 잠잔다
마음은 물결처럼 흘러만 간다
저 바다에 누워
외로운 물새 될까
물살의 깊은 속을 항구는 알까
저 바다에 누워
외로운 물새 될까",별사랑,2021.07.07,201,성인가요/트로트
춤추는 탬버린,"훌라 훌라 훌라 훌라 훌라 훌라
훌라춤을 춘다 탬버린
오늘 밤도 낯선 거리
낯선 사람들로 가득 찬
네온 불로 유혹하는
도시의 밤거리
떠나간 그 사람 18번이 생각 나
노래방에 나를 닮은
탬버린을 흔들고
불러 보는 이 노래는
그 사람 18번
훌라춤에 난 노래하는
춤추는 탬버린
훌라 훌라 훌라 이 밤이 가도록
춤추는 탬버린
훌라 훌라 훌라 훌라 훌라 훌라
훌라춤을 춘다 탬버린
오늘 밤도 낯선 거리
낯선 사람들로 가득 찬
네온 불로 유혹하는
도시의 밤거리
떠나간 그 사람 18번이 생각 나
노래방에 나를 닮은
탬버린을 흔들고
불러 보는 이 노래는
그 사람 18번
훌라춤에 난 노래하는
춤추는 탬버린
훌라 훌라 훌라 이 밤이 가도록
춤추는 탬버린",김다현,2021.07.14,301,성인가요/트로트
멍에,"사랑의 기로에 서서
슬픔을 갖지 말아요
어차피 헤어져야 할거면
미련을 두지 말아요
이별의 기로에 서서
미움을 갖지 말아요
뒤돌아 아쉬움을 남기면
마음만 괴로우니까
아무리 아름답던 추억도
괴로운 이야기로
사랑의 상처를 남기네
이제는 헤어졌는데
그래도 내게는 소중했던
그날들이
한동안 떠나지 않으리
마음이 괴로울 때면
아무리 아름답던 추억도
괴로운 이야기로
사랑의 상처를 남기네
이제는 헤어졌는데
그래도 내게는 소중했던
그 날들이
한동안 떠나지 않으리
마음이 괴로울 때면
한동안 떠나지 않으리
마음이 괴로울 때면",은가은,2021.07.21,160,성인가요/트로트
혹시(Hoxy) (Prod. by 영탁),"혹시 내 마음을 알까요
말로 할 수 없는 이 맘을
감추고 감추고 감추고 감춰도
자꾸 새어 나오는 마음을
혹시 내 사랑을 알까요
처음 느껴보는 사랑을
숨기고 숨기고 숨기고 숨겨도
매일매일 들켜 버리죠
혹시 혹시 혹시 나와 같은 맘이면
내 이름을 크게 불러줘요
변치 않는 사랑만을 드리겠어요
나를 위해 한 번 웃어줘요
그렇게 그렇게
혹시 내 마음을 안다면
그저 나의 손을 잡아요
영원히 영원히 영원히 그대만
사랑하고 사랑할게요
혹시 혹시 혹시 나와 같은 맘이면
내 이름을 크게 불러줘요
변치 않는 사랑만을 드리겠어요
나를 위해 한 번 웃어줘요
그렇게 그렇게
혹시 내 마음을 안다면
그저 나의 손을 잡아요
영원히 영원히 영원히 그대만
사랑하고 사랑할게요
영원히 영원히 영원히 그대만
사랑하고 사랑할게요",최대성,2021.08.11,"3,981",성인가요/트로트
딱이야,"두근두근 가슴이 두근두근대
내 마음에 심장이 터져버렸어
아마도 넌 모를 거야
미쳐 미쳐 빠져버렸어
어젯밤에 꿈속에 니가 찾아와
내 귓가에 속삭였어 너 없이는
안 된다고 내게 말해 주었어
찍어 찍었어 널 찍어 버렸어
너무나 멋져 너는 내 사랑
빠져 빠졌어 너에게 빠졌어
난 너 없이는 못산단 말야
딱이야 너는 내겐 딱이야
너만이 내 사랑
한 번도 만나지 못한 넌
나의 마지막 사랑
너뿐야 내겐 오직 너뿐야
영원한 내 사랑
다시는 만날 수 없는 넌
나의 마지막 남자
이젠 내 눈에 너 밖에 안보여
그 누구라도 보이질 않아
이젠 내 귀에 너밖에 안 들려
난 너 없이는 못산단 말야 아
딱이야 너는 내겐 딱이야
너만이 내 사랑
한 번도 만나지 못한 넌
나의 마지막 사랑
너뿐야 내겐 오직 너뿐야
영원한 내 사랑
다시는 만날 수 없는 넌
나의 마지막 남자
딱이야 너는 내겐 딱이야
너만이 내 사랑
한 번도 만나지 못한 넌
나의 마지막 사랑
너뿐야 내겐 오직 너뿐야
영원한 내 사랑
다시는 만날 수 없는 넌
나의 마지막 남자",숙행,2021.11.26,123,성인가요/트로트
모두 잊어요,"당신 저 달 보면 무슨 생각 나시나요
지나간 추억들은 이젠 사라졌어요
당신 흐르는 눈물을 닦아요
떠나간 님 그리워서
그리 슬퍼 하나요
그날처럼 비가 오고
바람 몹시 부는 날
하얀 우산 받쳐 들고
님은 다시 오시겠죠
당신 흐르는 눈물을 닦아요
이제는 지난 일은 모두 잊어 버려요
그날처럼 비가 오고
바람 몹시 부는 날
하얀 우산 받쳐 들고
님은 다시 오시겠죠
당신 흐르는 눈물을 닦아요
이제는 지난 일은 모두 잊어 버려요",김범룡,2022.05.02,38,성인가요/트로트
딱이야,"어쩐지 딱 내 눈에 들어 오더라
한 순간 딱 내 맘에 들어 오더라
여름엔 더워지고 겨울엔 추워지고
어차피 밥 먹고 사는 우리네 인생살이
넓고 넓은 이 세상 많은 사람들 중에
아낌없이 사랑만 주는 바로 그 사람
그 사람이 바로 나야 나야
그 사람이 바로 나야
당신에겐 내가 딱이야
어쩐지 딱 내 손을 잡아 주더라
한 순간 딱 내 맘을 사로 잡더라
봄이면 꽃이 피고 가을엔 낙엽 지고
어차피 밥 먹고 사는 우리네 인생살이
넓고 넓은 이 세상 많은 사람들 중에
아낌없이 사랑만 주는 바로 그 사람
그 사람이 바로 나야 나야
그 사람이 바로 나야
당신에겐 내가 딱이야
그 사람이 바로 나야 나야
그 사람이 바로 나야
당신에겐 내가 딱이야
당신에겐 내가 딱이야",박주희,2022.05.09,57,성인가요/트로트
풍악 (Inst.),"쿵짜 쿵짜라 자
사랑 사랑의 풍악을 울려라
내 사랑이 들을 수 있게
풍악 소리도 슬피 우는 밤
내 맘도 따라 우네요
쿵짜 쿵짜라 자 짜 풍악을 울려라
내 사랑을 전할 수 있게
쿵짜 쿵짜라 자 짜 풍악 소리가
내 맘을 아프게 해요
살랑 살랑 부는 바람도
내 맘을 알고 있는지
딸랑 딸랑 풍경 소리가
내 맘을 달래 주네요
쿵짜라 자 짜 짜 풍악을 울려라
내 사랑이 들을 수 있게
쿵짜라 자 짜 짜 풍악을 울려라
내 사랑을 전할 수 있게
쿵짜 쿵짜라 자 짜 풍악을 울려라
내 사랑을 전할 수 있게
쿵짜 쿵짜라 자 짜 풍악 소리가
내 맘을 아프게 해요
살랑 살랑 부는 바람도
내 맘을 알고 있는지
딸랑 딸랑 풍경 소리가
내 맘을 달래 주네요
쿵짜라 자 짜 짜 풍악을 울려라
내 사랑이 들을 수 있게
쿵짜라 자 짜 짜 풍악을 울려라
내 사랑을 전할 수 있게
내 사랑을 전할 수 있게
쿵짜 쿵짜라 자",김희재,2022.06.27,"1,525",성인가요/트로트
눈물젖은 휴전선,"서울에 한강물과 평양에 대동강물은
서해에서 서로 만나 다정히 속삭이는데
선하나 그어놓고 70여년 티격태격
이게 정말 무슨 말이오
우리 모두 손에 손잡고
통일노래 부르도록
하늘이여 하늘이여 하늘이시여
휴전선을 지워 주오
백두산 천지연과 한라산 백록담은
한반도의 혼을 담아
오천년을 지켜왔는데
선하나 그어놓고 70여년 티격태격
이게 정말 무슨말이오
우리모두 손에 손잡고
통일노래 부르도록
하늘이여 하늘이여 하늘이시여
휴전선을 지워주오
휴전선을 지워주오",양지원 (YangJiwon),2022.07.07,97,성인가요/트로트
어매(MR),"어매 어매 우리 어매
뭣할라고 날 낳았던가
낳을라거든 잘 났거나
못 낳을라면 못 났거나
살자하니 고생이요
죽자하니 청춘이라
요놈신세 말이 아니네
어매 어매 우리 어매
뭣할라고 날 낳았던가
어매 어매 우리 어매
뭣할라고 날 낳았던가",박성온,2022.12.23,34,성인가요/트로트
아미새(MR),"아름답고 미운새 아미새 당신
남자의 애간장만 태우는 여자
안 보면 보고 싶고 보면 미워라
다가서면 멀어지는 아름다운 미운새
아미새 아미새
아미새가 나를 울린다
신기루 사랑인가 아미새야 아미새야
간다고 말만 하면 눈물 흘리네
떠나려면 정을 주는
아름다운 미운 새
아미새 아미새
아미새가 나를 울린다
신기루 사랑인가 아미새야 아미새야
아미새야 아미새야",최우진,2022.12.23,18,성인가요/트로트
영일만 친구(MR),"바닷가에서 오두막집을 짓고
사는 어릴 적 내 친구
푸른 파도 마시며
넓은 바다의 아침을 맞는다
누가 뭐래도 나의 친구는
바다가 고향이란다
갈매기 나래 위에
시를 적어 띄우는
젊은 날
뛰는 가슴 안고
수평선까지 달려 나가는
돛을 높이 올리자
거친 바다를 달려라
영일만 친구야
갈매기 나래 위에
시를 적어 띄우는
젊은 날
뛰는 가슴 안고
수평선까지 달려 나가는
돛을 높이 올리자
거친 바다를 달려라
영일만 친구야
영일만 친구야",황민우,2022.12.30,16,성인가요/트로트
사랑이 내 삶에 들어왔다,"괜찮아 너의 따뜻한 한마디
난 몇 번을 들어도 좋아
사는 게 힘들고 아플 때마다
안겨 울던 너의 품이 좋아
말없이 웃어주는 그 미소는
부드러운 우유거품 같아
가만히 나의 등 뒤로 다가와
속삭일 때면 참 행복한 걸
가끔 비가 오면 그 길에서
하염없이 널 기다려봐
언제라도 우산을 든
니가 나타날 것 같아
사랑이란 게 내 안에 들어왔어
나를 달라지게 해
보고 싶다고 하루온종일
내 가슴이 널 찾아.
사랑이란 게 내 삶에 들어왔어
나를 바보 같게 해
웃지도 못해. 니가 없인 길 잃은 나처럼
사랑해 그 한마디면 되는데
난 무엇도 필요 없는데
오늘도 스쳐 지나는
너는 내 마음 아는지 행복해보여
가끔 비가 오면 그 길에서
하염없이 널 기다려봐
언제라도 우산을 든
니가 나타날 것 같아
사랑이란 게 내 안에 들어왔어
나를 달라지게 해
보고 싶다고 하루 온종일
내 가슴이 널 찾아.
사랑이란 게 내 삶에 들어왔어
나를 바보 같게 해
웃지도 못해. 니가 없인 길 잃은 나처럼
사랑한다는 그 말
먼저 말해주길
기다려 기다려 오늘도
애태우고 있잖아
사랑이란 게 내 안에 들어왔어
나를 달라지게 해
보고 싶다고 하루온종일
내 가슴이 널 찾아.
사랑이란 게 내 삶에 들어왔어
나를 바보 같게 해
웃지도 못해. 니가 없인 길 잃은 나처럼",명지,2023.01.23,35,성인가요/트로트
사랑 사랑(MR),"사랑 사랑 사랑 사랑 내 사랑이로구나
일편단심 사랑일세
사랑 사랑 사랑 사랑 내 사랑이로구나
얼씨구나(좋다) 절씨구나
일편단심 사랑일세
이리 봐도 저리 봐도 어찌 이리 고울까요
하늘에서 주신 천사 하루하루 꿈 같구나
허락 없이 아프지 마요
혹시라도 먼저 가지 마
백발이 성성 늙어가도
당신 손 놓지 않으리
사랑 사랑 사랑 사랑 내 사랑이로구나
얼씨구나(좋다) 절씨구나
일편단심 사랑일세
사랑 사랑 사랑 사랑 내 사랑이로구나
얼씨구나(좋다) 절씨구나
일편단심 사랑일세
이리 봐도 저리 봐도 어찌 이리 고울까요
하늘에서 주신 천사 하루하루 꿈 같구나
허락 없이 아프지 마요
혹시라도 먼저 가지 마
백발이 성성 늙어가도
당신 손 놓지 않으리
사랑 사랑 사랑 사랑 내 사랑이로구나
얼씨구나(좋다) 절씨구나
일편단심 사랑일세
사랑 사랑 사랑 사랑 내 사랑이로구나
얼씨구나(좋다) 절씨구나
일편단심 일편단심 일편단심 사랑일세
일편단심 사랑일세",샛별부,2023.01.20,11,성인가요/트로트
산유화,"산에산에 꽃이피네 들에들에 꽃이피네
봄이오면 새가울면 임이잠든 무덤가에
너는다시 피련만은 임은어이 못오시는고
산유화야 산유화야 너를잡고 내가운다

산에산에 꽃이지네 들에들에 꽃이지네
꽃은지면 피련만은 내마음은 언제피나
가는봄이 무심하냐 지는꽃이 무심하려요
산유화야 산유화야 너를잡고 내가운다",남인수,1979.08.31,61,성인가요/트로트
세월,"세월속에 빠져서

정신없이 살다가

허전함에 지치면

한번쯤은 날 생각해

산다는게 무언가

갖지못할 꿈인가

울어야 할 업인가

세월속에 물어도

어디로 가는지

어떻게 사는지

세월속에 빠져서

몸부림 치면서

오늘도 외로이 가네



산다는게 무언가

갖지못할 꿈인가

울어야 할 업인가

세월속에 물어도

어디로 가는지

어떻게 사는지

세월속에 빠져서

몸부림 치면서

오늘도 외로이 가네",진시몬,2007.02.01,140,성인가요/트로트
빗속의 여인,"잊지 못할 빗속의 여인
그 여인을 잊지 못하네
노오란 레인코트에
검은 눈동자 잊지 못하네
다정하게 미소지며
검은 우산을 받쳐주네
내리는 빗방울 바라보며
말없이 말없이 걸었네
잊지 못할 빗속의 여인
그 여인을 잊지 못하네
다정하게 미소지며
검은 우산을 받쳐주네
내리는 빗방울 바라보며
말없이 말없이 걸었네
잊지 못할 빗속의 여인
그 여인을 잊지 못하네
잊지못할 빗속의 여인
그 여인을 잊지 못하네",나미애,2011.07.26,85,성인가요/트로트
임 찾아 가는 길,"바람아 불지마라 님을 찾아가는 길에
사나이 목숨바쳐 사랑했던 님인데
너마져 내 갈길을 가로 막는다면
나는 어디로 가나 바람아 불지마라
님 찾아 가는길에 사랑 찾아 가는길에
바람아 불지마라 님을 찾아가는 길에
사나이 진정으로 좋아했던 님인데
너마져 내 발길을 가로 막는다면
나는 어찌하란 말이냐 바람아 불지마라
님 찾아 가는길에 사랑 찾아 가는길에",박우철,2015.11.23,144,성인가요/트로트
첫차,"새벽안개 헤치며 달려가는
첫차에 몸을 싣고 꿈도 싣고
내 마음 모두 싣고 떠나갑니다
당신을 멀리멀리
당신을 멀리멀리 당신을 멀리멀리
멀어지는 당신을 생각하면
가슴을 적셔오는 지난 추억
어차피 잊어야 할 사람인 것을
이토록 슬퍼질까
이루지 못할 사랑이라면
내가 먼저 떠나가야지
꿈같은 세월 짧았던
행복 생각이 나겠지만
아쉬운 정도 아쉬운 미련도
모두 다 잊겠어요
새벽안개 헤치며 달려가는
첫차에 몸을 싣고 꿈도 싣고
내 마음 모두 싣고 떠나갑니다
당신을 멀리멀리
이루지 못할 사랑이라면
내가 먼저 떠나가야지
꿈같은 세월 짧았던 행복
생각이 나겠지만
아쉬운 정도 아쉬운 미련도
모두 다 잊겠어요
꿈같은 세월 짧았던 행복
생각이 나겠지만
아쉬운 정도 아쉬운 미련도
모두 다 잊겠어요
새벽안개 헤치며 달려가는
첫차에 몸을 싣고 꿈도 싣고
내 마음 모두 싣고 떠나갑니다
당신을 멀리멀리
당신을 멀리멀리 당신을 멀리멀리",박예슬,2021.02.14,58,성인가요/트로트
마음 약해서,"마음 약해서 잡지 못했네
돌아서던 그 사람
혼자 남으니 쓸쓸하네요
내 마음 허전하네요
생각하면 그 얼마나 정다웠던가
나 혼자서 길을 가면
눈앞을 가려
뜨거운 눈물이 흘러내리네
마음 약해서 마음 약해서
나는 너를 잡지 못했네
생각하면 그 얼마나 행복했던가
나 혼자서 길을 가면
눈앞을 가려
뜨거운 눈물이 흘러내리네
마음 약해서 마음 약해서
가는 너를 잡지 못했네
마음 약해서 잡지 못했네
돌아서던 그 사람
혼자 남으니 쓸쓸하네요
내 마음 허전하네요
생각하면 그 얼마나 정다웠던가
나 혼자서 길을 가면
눈앞을 가려
뜨거운 눈물이 흘러내리네
마음 약해서 마음 약해서
나는 너를 잡지 못했네
나는 너를 잡지 못했네",김의영,2021.07.28,176,성인가요/트로트
흥해라(inst.),"흥해라 흥해라 모두 흥해라
흥해라 내인생 모두 흥해라
핑크빛 인생 또한번 찾아올 거야
흥해라 흥해라 모두 흥해라
동서남북 모두 흥해라
흥바람타고 내일은 해가 뜬다
힘드시나요 요즘같은 날
사는맛도 안나시겠죠
계절은 돌고 돌아오는데
찬겨울만 있는것같아
그래도 주저하지 마세요
봄날은 돌아올테니
다시한번 힘을 냅시다
흥해라 흥해라 모두 흥해라
흥해라 내인생 모두 흥해라
핑크빛 인생 또한번 찾아올 거야
흥해라 흥해라 모두 흥해라
동서남북 모두 흥해라
흥바람타고 내일은 해가 뜬다
힘드시나요 요즘같은 날
웃을일도 없으시겠죠
거짓말같은 하루하루에
미소를 잃지맙시다
그래도 주저하지 마세요
봄날은 돌아올테니
다시한번 힘을 냅시다
흥해라 흥해라 모두 흥해라
흥해라 내인생 모두 흥해라
핑크빛 인생 또한번 찾아올 거야
흥해라 흥해라 모두 흥해라
동서남북 모두 흥해라
흥바람타고 내일은 해가 뜬다",박서진,2021.10.23,772,성인가요/트로트
그날,"언덕위에 손잡고
거닐던 길목도 아스라히
멀어져간 소중했던
옛 생각을 돌이켜 그려보네
나래치는 가슴이
서러워 아파와 한숨지며
그려보는 그 사람을 기억하나요
지금 잠시라도
달의 미소를 보면서
내 너의 두 손을 잡고
두나 별들의 눈물을 보았지
고요한 세상을
우 우 우 우 우 우우우 우우우우
한아름의 꽃처럼 보여지며
던진 내 사랑에
웃음지며 님의 소식
전한 마음 한없이 보내본다

달의 미소를 보면서
내 너의 두 손을 잡고
두나 별들의 눈물을 보았지
고요한 세상을
우 우 우 우 우 우우우 우우우우
한아름의 꽃처럼 보여지며
던진 내 사랑에
웃음지며 님의 소식
전한 마음 한없이 보내본다",김연숙,1997.08,30,성인가요/트로트
초연,"먼 산 부엉이
밤새워 울어대고
앞내 물소리
가슴을 적실때
나는 사랑이
무언줄 알았네
그러나 당신은
나를두고 어딜갔나
아 아 그대를 기다리네
돌아와요 내게 돌아와요
기다리는 내 사랑

나는 사랑이
무언줄 알았네
그러나 당신은
나를두고 어딜갔나
아 아 그대를 기다리네
돌아와요 내게 돌아와요
기다리는 내 사랑",김연숙,1997.08,52,성인가요/트로트
향수에 젖어서,"향수에 젖어서
하늘을 보면은
구름이 흘러가네
솜같은 구름입니다
라라라라 라라라라
솜같은 구름입니다
예예예예 예예예예
예예예예 예예예 예예예
옛날이 그리워서
풀피리 불면은
가슴이 뭉클해요
눈시울이 뜨겁습니다
라라라라 라라라라
눈시울이 뜨겁습니다
예예예예 예예예예
예예예예 예예예 예예예
산넘어 강건너
간다고 어디가나
내살던 고향땅은
너무나 멀리 있어요
라라라라 라라라라
너무나 멀리 있어요
예예예예 예예예예
예예예예 예예예 예예예
향수에 젖어서
하늘을 보면은
구름이 흘러가네
솜같은 구름입니다
라라라라 라라라라
솜같은 구름입니다
라라라라 라라라라
솜같은 구름입니다",혜은이,1988.08,110,성인가요/트로트
이젠 말할 수 있네,"이젠 말할 수 있네 당신 있으면
나는 말할 수 있네
이젠 떠날 수 없네 당신을 두고
나는 갈 수가 없네
사랑한다는 말 왜 말을 못해
그대 나를 보며 말해보아요
그대 이젠 다시 울지 말아요
당신 곁엔 내가 함께 있는데
떠난다는 말 하지 말아요

이젠 말할 수 있네 사랑한다는 그말 할수가있네
이젠 보낼 수 없네 당신을 멀리 떠나 보낼순없네
사랑한다는 말 왜 말을 못해
그대 나를 보며 말해보아요
그대 이젠 다시 울지 말아요
당신 곁엔 내가 함께 있는데
떠난다는 말 하지 말아요",김범룡,1994.01.01,32,성인가요/트로트
들국화 여인,"사랑이 병이나면
무슨 약이 있나요
그것은 하나 오직 당신의
그 정이라야 합니다
세월이 흘러가면
잊혀진다 하지만
그것은 내마음을
달래려고 하는 말
오늘밤도 오늘밤도 눈물짓는
들국화 여인

가슴에 타는 불꽃은
무엇으로 끄나요
그것은 하나 오직 당신의
그 정이라야 합니다
찬바람 불어오는
외진길가 모퉁이
오늘도 서러웁게
떨고 있는 들국화
어느누가 어느누가 감싸주랴
들국화 여인",현철,1994.07,26,성인가요/트로트
애상,"난 바라보고만 있네
움직일 줄 모르고
무엇을 찾아 헤매이는 걸까
괜한 눈빛이여
내 삶의 화신 이여라
왠지 낯이 익은 너
전생에 지은 죄 마저
가슴에 끌어안고
저 혼자 가만히 앉아
한 세월을 못 잊는
사랑이여 슬픔이여
이름 모를 영혼이여

참 좋은 사람 이었지
내가 만난 그 사람
추억은 한번으로 좋으리
사랑했었으니까
고통의 연속이어라
만나볼 수 없는 너
무거운 그림자만이
또 다른 빛을 원할 때
저 혼자 무너진 채로
기다림만 쌓이는
사랑이여 슬픔이여
이름 모를 영혼이여
사랑이여 슬픔이여
이름 모를 영혼이여",조용필,1997.05.01,257,성인가요/트로트
니가 올래 내가 갈까,"니가 올래 아니면 내가 갈까
아무래도 나는 좋아
니가 올래 아니면 내가 갈까
아무래도 나는 좋아
보고 싶다 오늘따라
니가 올래 아니면 내가 갈까
보고 또 보고 보고 또 봐도
또 보고 싶은 니 얼굴
넌 아마 모를거야
넌 정말 모를거야
무작정 보고 싶은 내맘을
모를거야 모를거야
죽도록 너를 사랑해
니가 올래 아니면 내가 갈까
아무래도 난 좋아
니가 올래 아니면 내가 갈까
아무래도 난 좋아

니가 올래 아니면 내가 갈까
아무래도 난 좋아
니가 올래 아니면 내가 갈까
아무래도 난 좋아
보고 싶다 오늘따라
니가 올래 아니면 내가 갈까
보고 또 보고 보고 또 봐도
또 보고 싶은 니 얼굴
넌 아마 모를거야
넌 정말 모를거야
얼마나 너를 사랑하는지
사랑한다 사랑한다
죽도록 너를 사랑해
넌 아마 모를거야
넌 정말 모를거야
얼마나 너를 사랑하는지
사랑한다 사랑한다
죽도록 너를 사랑해
죽도록 너를 사랑해",배일호,1999.04,91,성인가요/트로트
부산 갈매기,"지금은 그 어디서
내 생각 잊었는가
꽃처럼 어여쁜 그 이름도
고왔던 순이 순이야
파도치는 부두가에
지나간 일들이 가슴에 남았는데
부산 갈매기 부산 갈매기
너는 정녕 나를 잊었나

지금은 그 어디서
내 모습 잊었는가
꽃처럼 어여쁜 그 이름도
고왔던 순이 순이야
그리움이 물결치면
오늘도 못잊어 내이름 부르는데
부산 갈매기 부산 갈매기
너는 벌써 나를 잊었나",성동일,1999.05.10,48,성인가요/트로트
분홍 립스틱,"언제부턴가 그대를
그대를 처음 만난 날
남 모르게 그려 본 분홍 립스틱
떨리던 마음 같이
사랑스럽던 그 빛깔
말 없이 바라보던
다정했던 모습
우리 사랑은 눈부시게
눈부시게 시작됐지만
이제는 지워진 분홍 립스틱
지금은 떠나야 할
사랑했었던 그 사람
이별은 슬프지만 보내야 할 사람
오늘 밤만은 그댈 위해서
분홍의 립스틱을 바르겠어요
그대 가슴에 지워지지 않을
분홍의 입술 자욱 새기겠어요
내일이 오면 떠나야 하는
그대의 슬픈 눈을 들여다 보면
눈물 방울이 얼굴을 적시고
분홍의 립스틱을 지워요

우리 사랑은 눈부시게
눈부시게 시작됐지만
이제는 지워진 분홍 립스틱
지금은 떠나야 할
사랑했었던 그 사람
이별은 슬프지만 보내야할 사람
오늘 밤만은 그댈 위해서
분홍의 립스틱을 바르겠어요
그대 가슴에 지워지지 않을
분홍의 입술 자욱 새기겠어요
내일이 오면 떠나야 하는
그대의 슬픈 눈을 들여다 보면
눈물 방울이 얼굴을 적시고
분홍의 립스틱을 지워요
오늘 밤만은 그댈 위해서
분홍의 립스틱을 바르겠어요
그대 가슴에 지워지지 않을
분홍의 입술 자욱 새기겠어요
내일이 오면 떠나야 하는
그대의 슬픈 눈을 들여다 보면
눈물 방울이 얼굴을 적시고
분홍의 립스틱을 지워요",김란영,2003.12.04,10,성인가요/트로트
꿈,"화려한 도시를
그리며 찾아왔네
그 곳은 춥고도 험한곳
여기저기 헤매다
초라한 문턱에서
뜨거운 눈물을 먹는다
머나먼 길을 찾아 여기에
꿈을 찾아 여기에
괴롭고도 험한 이 길을 왔는데
이 세상 어디가 숲인지
어디가 늪인지
그 누구도 말을 않네
사람들은 저마다
고향을 찾아가네
나는 지금 홀로 남아서
빌딩속을 헤매다
초라한 골목에서
뜨거운 눈물을 먹는다
저기 저 별은 나의 마음 알까
나의 꿈을 알까
괴로울 땐 슬픈 노래를 부른다
슬퍼질 땐 차라리 나홀로
눈을 감고 싶어
고향의 향기 들으면서

저기 저 별은 나의 마음 알까
나의 꿈을 알까
괴로울 땐 슬픈 노래를 부른다
이 세상 어디가 숲인지
어디가 늪인지
그 누구도 말을 않네
슬퍼질 땐 차라리 나홀로
눈을 감고 싶어
고향의 향기 들으면서
고향의 향기 들으면서",조용필,1998.03.01,286,성인가요/트로트
슬픈 미소,"돌아서면 잊혀질까
세월가면 잊을 수 있을까
슬픔은 흘러흘러 가슴을 적시네
장미꽃 피는 날엔
돌아오마던 당신
여울지는 꿈속에서
그 미소를 찾아헤맸지

가버리면 잊혀질까
눈감으면 잊을 수 있을까
서러움은 물들어 가슴을 적시네
장미꽃 피는 날엔
돌아오마던 당신
여울지는 꿈속에서
그 미소를 찾아헤맸지",조용필,1999.12.25,198,성인가요/트로트
잠깐,"돌아서서 떠나갈때 변하더라도
잠깐 웃고 지금만 있어요
왜 가는지 왜 가는지
떠나가는 이유라도 들어봅시다
사랑은 농담처럼
장난으로 생각하나요
웃는 내가 바보지
웃는 내가 바보야
웃는 내가 어리석지

도망치듯 달아나듯 변하는 그대
잠깐 그럴 수가 있나요
가더라도 가더라도
마지막 술잔이나 비우고 가소
속 다르고 겉 달랐던
사랑한다 그 말을
믿은 내가 바보지
믿은 내가 바보야
믿은 내가 어리석지",인순이,2004.09.09,124,성인가요/트로트
여자의 거울,"1..당신을 만나서 거울을 보게 됐죠
사랑에 눈이 멀어 버린 들꽃처럼
우연히 간직해온 치마을 입어본순간
운명의 막은 올라갔죠..
잘해준다는 그말 믿을께요..
진실한 그사람을 그약속을~
바보라서 여잔 바보라서 여잔
당신만 믿고살래요~

2..당신을 만나서 정말로 행복해요
사랑하면 그리 눈물이 나나봐요
아무것도 아닌데 아무일도 아닌데
자꾸만 당신만 찾네요
아이가 되어버린 여자라서
당신만 힘들게 하나봐요
미안해요 정말 미안해요 정말
사랑을 줄일수 없네요
미안해요 정말 나는 바보에요
당신만 너무 사랑해요",장윤정,2004.10.22,169,성인가요/트로트
해운대 연가 (DJ처리 Remix Ver.),"푸른 물결 춤을 추고
물새 날아드는
해운대의 밤은 또 그렇게
지나가는데
해운대 한 가운데
떠오르는 몇개의 보름달 아래
달구경하러 우리함께
손잡고 올라갔던 달맞이 고개
드넓은 바다를 바라보면서
고백했던 수줍은 첫사랑
다시 돌아온단 그말조차
파도에 휩쓸려 사라져버렸네
하얀 모래밭에 사랑이란
글씨를 쓰며
영원히 날 사랑한다
맹세하던 그대
널 널 널 널
널 널 널 널
널 널 사랑해
떨리는 내 입술에
키스해 주던 너
보고싶은 사랑
추억속의 그대
해운대의 사랑이여
광한대교 지나
해운대를 거쳐
달맞이 고갤 넘어가고있어
깊은밤 널찾아 헤메이고있어
도대체 넌 어디있는거야
부산에 와서 해운대에 와서
이럴땐 정말 네 생각이나
아직도 난 그대로인데
추억속에 넌 어디있는거야
푸른 물결 춤을추고
물새 날아드는
해운대의 밤은 또 그렇게
지나가는데
해운대 한 가운데
가로지르는 광한대교 뒤로
저 멀리 보이는 동백섬에
모여든 겨울 갈메기때
보고픈 내 님 소식을 알까
아무리 불러봐도
대답이 없네
너와 나 걷던 하얀 백사장에
추억을 품은 슬픈 파도만이
하얀 모래밭에 사랑이란
글씨를 쓰며
영원히 날 사랑한다
맹세하던 그대
널 널 널 널
널 널 널 널
널 널 사랑해
떨리는 내 입술에
키스해주던 너
보고싶은 사랑
추억속에 그대
해운대의 사랑이여
보고 싶은 사랑
추억속에 그대
해운대의 사랑이여
부산에 왔어 해운대에 왔어
이럴땐 정말 네 생각이나
아직도 난 그대로인데
추억속에 넌 어디있는거야",전철,2005.04.01,73,성인가요/트로트
간 큰 남자,"남자들아 힘을 내라
힘을 내자
힘을 내자
어깨를 활짝 펴라
어깨를 활짝 펴라
목소리를 높여라
크게 하자
크게 하자
간 큰 남자여
남자 남자
남자 남자

남자 남자 간 큰 남자
아내한테 전화 건 남자에게
누구세요 왜 그러세요
감히 물어보려는 남자
아내의 말에
꼬박꼬박 말대꾸하려는 남자
향수 뿌리고 외출하는
아내의 뒷모습을
미심쩍게 흘겨보는
겁없는 남자
남자 남자 간 큰 남자
이런 남자는 이런 남자는
간이 간이 간이
간이 큰 남자예요
매일 아침 식탁에 주저앉아
밥달라고 보채는
아주 염체가 없는 남자
벌어오는 것도 시원찮으면서
반찬투정 하려는 남자
밀린 빨래와 설거지를
하려는 생각은 하지않고
비디오만 보려는
남자 남자 남자 간 큰 남자
이런 남자는 이런 남자는
간이 간이 간이
간이 큰 남자예요
남자들아 힘을 내라
힘을 내자
어깨를 활짝 펴라
목소리를 높여라 크게 하자
간 큰 남자여

아내가 외출하고 돌아오면
어디갔다 왔느냐고
감히 물어보려는 남자
아내에게 오는 삐삐번호를
일일이 체크하는 남자
바쁜 아침에 아내에게
용돈이 적다면서
투덜 투덜 막무가내로
떼쓰는 남자
남자 남자 간 큰 남자
이런 남자는 이런 남자는
간이 간이 간이
간이 큰 남자예요
남자들아 남자들아
간 큰 남자여
간 큰 남자",김혜연,1994.05.15,10,성인가요/트로트
알고싶어요,"달 밝은 밤에 그대는
누구를 생각하세요,
잠이 들면 그대는
무슨꿈 꾸시나요,
깊은 밤에 홀로 깨어
눈물 흘린 적 없나요
때로는 일기장에 내 얘기도 쓰시나요
나를 만나 행복했나요
나의 사랑을 믿나요
그대 생각하다보면 모든게 궁금해요

하루중에서 내 생각 얼만큼 많이 하나요
내가 정말 그대의 마음에 드시나요
참새처럼 떠들어도 여전히 귀여운가요
바쁠때 전화해도 내목소리 반갑나요
내가 많이 어여쁜가요
진정 나를 사랑하나요
난 정말 알고 싶어요
얘기를 해주세요",이선희,2004.01.13,72,성인가요/트로트
나를 보러와요,"날 보러 와요 날 보러 와요
날 보러 와요 날 보러 와요
날 보러 와요 날 보러 와요
오~

외로울 땐 나를 보러 오세요
울적할 땐 나를 보러 오세요
깊은 밤 잠 못들 땐 전화를 해요

괴로움은 멀리 던져버려요
서러움을 잊고 웃어보아요
포근히 아픈 마음 감싸드릴께

가진것은 없어 마음뿐이야
거짓 없는 마음 하나
당신께만 드리겠어요
아낌없이 드리겠어요

외로울 땐 나를 보러 오세요
울적할 땐 나를 보러 오세요
오오~ 언제든지 보러 오세요

가진것은 없어 마음뿐이야
거짓 없는 마음 하나
당신께만 드리겠어요
아낌없이 드리겠어요

외로울 땐 나를 보러 오세요
울적할 땐 나를 보러 오세요
오오~ 언제든지 보러 오세요

날 보러 와요 날 보러 와요
날 보러 와요 날 보러 와요.",방미,1980.04.19,123,성인가요/트로트
Call Me,"오늘밤을 즐겨봐요 춤을 추어요
내가슴이 뜨거워요 유혹 해줘요
지난 사랑 다 잊고
떠난 사람 다 잊고
Call me Call me my love Call me
오늘밤에 만나요
Call me Call me Tonight
그댈 사랑하고 싶어요 Call me

우우 우우 우우 우우
속삭여줘요 give me
우우 우우 우우 우우
안아 주세요 love me
우우 우우 우우 우우
키스 해줘요
연기처럼 나를 마셔 버려요
담배처럼 나를 사랑 해줘요
Call me Call me my love Call me
금요일이 좋아요
Call me Call me Tonight
그댈 사랑하고 싶어요 Call me

오늘밤을 불태워요 춤을 추어요
두눈으로 말해줘요 유혹 해줘요
음악속에 젖어서 이순간을 즐겨요
Call me Call me my love Call me
오늘밤에 만나요
Call me Call me Tonight
그댈 사랑하고 싶어요 Call me

우우 우우 우우 우우
속삭여줘요 give me
우우 우우 우우 우우
안아 주세요 love me
우우 우우 우우 우우
키스 해줘요
연기처럼 나를 마셔 버려요
담배처럼 나를 사랑 해줘요
Call me Call me my love Call me
금요일이 좋아요
Call me Call me Tonight
그댈 사랑하고 싶어요 Call me",장윤정,2006.09.25,263,성인가요/트로트
카스바의 여인,"담배연기 희미하게 자욱한 카스바에서

이름마저 잊은체 나이마저 잊은체

춤추는 슬픈 여인아 그날 그카스바로

그날 그자리에 처음만나 사랑을하고

낮설은 내가슴에 쓰러져 한없이

울던 그사람 오늘밤도 눈물에젓어

춤추는 카스바의여인



왜로움을 달래려고 찾아온 카스바에서

어디에서 본듯한 한번쯤은 만난듯한

춤추는 슬픔여인아

그날 그카스바로 그날 그자리에 처음만나

사랑을하고 낮설은 내가슴에 쓰러져 한없이

울던 그사람 오늘밤도 눈물에젓어

춤추는 카스바의여인",함중아,1999.04.01,49,성인가요/트로트
아버지의 강,"아 저녁 바람에 억새 울고
강 기슭에 물새 울면
어디선가 들려오는 아버지의 노래
고기를 잡아 날 키우시고
뱃노래 불러 날 재우시던
아아아 아버지
불러봐도 대답 없이 흐르는
저 강은 아버지의 강이여
저 강 건너 나루터에
물새 한 마리 슬피 울면
강바람에 검게 타신
아버지가 그리워
고기를 잡아 날 키우시고
뱃노래 불러 날 재우시던
아아아 아버지
불러봐도 대답 없이 흐르는
저 강은 아버지의 강이여",신웅,2000.11.01,12,성인가요/트로트
바람의 여인,"1절

바람이 스쳐가듯 우연히 찾아와서

이렇게 내마음 가져가 버린 여인

그대여 지금은 그어느하늘아래에~~

또다른 사랑을 꿈꾸며 살아가나~~

내영혼 모두를 앗아가버린 여인-(후렴으로)



2절

환상의 여인이여 꿈속의 여인이여

아련한 추억만 남기고 떠난 여인

그대여 지금은 그 어느 품안에서

또다른 사랑을 꿈꾸며 속삭이나

내영혼 모두를 앗아가버린 여인



(후렴)

바람의 여인 폭풍처럼 스쳐가는 중년의 여인

불꽃처럼 타던 밤을 못잊어~~



운명의 여인이여 내게로 돌아와요

이렇게 그리워 이밤도 눈물짓네",남진,2008.03.01,23,성인가요/트로트
TV를 보면서,"TV를 보면서 눈물이 흐르네
사람들은 어디에 기대어 살까
아마도 당신을 알 것만 같았어
사랑은 또 다시 나의 편인걸

혼자뿐인 식사는
이미 식어버렸네
텅 빈 아파트 불빛
외로운 나의 마음
기대어 울 사람 여기
있었으면 좋겠네
입가에 번진 눈물
호올로 울수 밖에

혼자뿐인 식사는
이미 식어버렸네
텅 빈 아파트 불빛
외로운 나의 마음
기대어 울 사람 여기
있었으면 좋겠네
입가에 번진 눈물
호올로 울수 밖에
TV를 보면서 눈물이 흐르네
사람들은 어디에 기대어 살까
사람들은 어디에 기대어 살까",최성수,2008.04.30,280,성인가요/트로트
그저 바라볼수만 있어도,"이말 한마디 말없이 슬픔을 잊고져
멀어지는 그대에 눈빛을 그저 잊고져
작은 그리움이 다가와 두눈을 감을때
가슴 스치는것이 무엇인지 모르오
그저 바라볼수만 있어도 좋은 사람
그리워 떠오르면 가슴만 아픈 사람
둘이 헤여짐은 멀어도 마음 남아서
창문 흔들리는 소리에 돌아보는 마음

그저 바라볼수만 있어도 좋은 사람
그리워 떠오르면 가슴만 아픈 사람
둘이 헤여짐은 멀어도 마음 남아서
창문 흔들리는 소리에 돌아보는 마음",노사연,2007.04.19,119,성인가요/트로트
안동역에서,"바람에 날려버린 허무한 맹세였나
첫눈이 내리는날 안동역앞에서
만나자고 약속한 한사람
새벽부터 오는눈이
무릎까지 덮는데
안오는건지 못오는건지
오지않는 사람아
안타까운 내마음만 녹고녹는다
기적소리 끊어질판에
어차피 지워야할
사랑은 꿈이였나
첫눈이 내리는날 안동역앞에서
만나자고 약속한사람
새벽부터 오는눈이
무릎까지 덮는데 안오는건지
못오는건지
대답없는 사람아
기다리는 내마음만 녹고 녹는다
밤이 깊은 안동역에서
기다리는 내마음만 녹고 녹는다
밤이 깊은 안동역에서",진성,2008.10.01,352,성인가요/트로트
울릉도 트위스트,"울렁울렁 울렁대는 가슴안고
연락선을 타고가면 울릉도라
뱃머리도 신이나서
트위스트 아름다운 울릉도

붉게 피어나는 동백 꽃잎처럼
아가씨들 예쁘고
둘이 먹다가
하나 죽어도 모르는 호박엿

울렁울렁 울렁대는 처녀가슴
오징어가 풍년이면 시집가요
육지손님 어서와요
트위스트 나를 데려가세요

울렁울렁 울렁대는 울릉도길
연락선도 형편없이 지쳤구나
어지러워 비틀비틀 트위스트
요게 바로 울릉도

평생 다가도록 기차구경
한번 못 해보고 살아도
기차보다 좋은 비행기는
구경 실컷하며 살아요

싱글벙글 생글생글 처녀총각
영감마님 어서와요 춤을춰요
오징어도 대풍일세
트위스트 사랑을 합시다
사랑을 합시다
사랑을 합시다",윙크,2008.11.11,119,성인가요/트로트
꽃 바람 여인,"가슴이 터질듯한
당신의 그 몸짓은
날 위한 사랑인가
섹시한 그대 모습
한모금 담배연기 사랑을 그리며
한잔의 샴페인에
영혼을 팔리라
세월의 향기인가
다가서는 당신을
꽃바람 여인인가
나만의 사랑
사랑의 노예가
되어버렸어 어쩔수 없었네
꽃바람 여인
영원한 사랑이란
숨이 막혀오네요
망가진 내 모습은
어쩔 수 없는 사랑
한모금 담배연기 사랑을 그리며
한잔의 샴페인에
영혼을 팔리라
세월의 향기인가
다가서는 당신을
꽃바람 여인인가 나만의 사랑
사랑의 노예가 되어버렸어
어쩔수 없었네
꽃바람 여인
사랑의 노예가 되어버렸어
어쩔수 없었네
꽃바람여인",조승구,2009.03.31,528,성인가요/트로트
올 가을엔 사랑할꺼야,"묻지 말아요
내 나이는 묻지 말아요
올 가을엔 사랑할꺼야
나 홀로 가는 길은
너무 쓸쓸해
너~무 쓸쓸해
창밖엔 눈물짓는
나를 닮은
단풍잎 하나
가을은 소리없이
본체만~체
흘러만 가는데
애타게 떠오르는
떠나간 그리운 사람
그래도 다시
언젠가는
사랑을 할꺼야
사랑~할꺼야

울지 말아요
오늘밤만은 울지 말아요
아무리 슬픈
일이 있어도
그대가 없이 가는 길은
쓸쓸해 너~무 쓸쓸해
달빛은 화사하게
겨울 가로등
불빛을 받아
오늘도 소리없이
비춰만 주는데
변함~없~이
애타게 떠오르는
떠나간 그리운 사람
그래도 다시
언젠가는
사랑을 할꺼야
사랑~할꺼야",방미,1989.07.01,178,성인가요/트로트
고향아줌마,"술잔을 들다말고 우는 사람아
두고온 님 생각에 눈물 뿌리며
망향가 불러주는 고향아줌마
동동주 술타령에 밤이 섧구나
밤이 섧구나

들어찬 목로주점 나그네 마다
넋두리 하소연에 푸념도 많어
내 고향 사투리의 고향아줌마
나그네 인생길에 불빛만 섧다
불빛만 섧다",김상진,2009.10.01,59,성인가요/트로트
한송이 꿈,"""안녕이란 말대신
사랑한다고 했지
떠나간지 어느새
너는 나를 잊었나
기다리지 않아도
다시 온다고 했지
한송이 꿈을 남기고
떠난 너를 기다려
나를 사랑한다고
다시 돌아온다고
한송이 꿈을 남기고
떠난 너를 못잊어

안녕이란 말대신
사랑한다고 했지
떠나간지 어느새
너는 나를 잊었나
기다리지 않아도
다시 온다고 했지
한송이 꿈을 남기고
떠난 너를 기다려
나를 사랑한다고
다시 돌아온다고
한송이 꿈을 남기고
떠난 너를 못잊어
너를 못잊어
너를 못잊어""",이수만,1983.12.20,106,성인가요/트로트
우연히,"나이트 클럽에서 우연히 만났네
첫사랑 그 남자를
추억에 흠뻑 젖어 함께 춤을 추었네
철없던 세월이 그리워
행복하냐 물었지 아무런 말도 없이
눈물만 뚝뚝뚝 흘리는 그 사람
난 벌써 용서했다고 난 벌써 잊어버렸다고
말을 해 놓고 안아주었지
정말 정말 행복해야 된다고

오늘밤 우연히 우연히 만났네
첫사랑 그 남자를
나이트 클럽에서 함께 춤을 추었네
철없던 세월이 그리워
행복하냐 물었지 아무런 말도 없이
눈물만 뚝뚝뚝 흘리는 그 사람
난벌써 용서했다고 난 벌써 잊어버렸다고
말을 해 놓고 안아주었지
정말 정말 행복해야 된다고
정말 정말 행복해야 된다고",우연이,2010.04.10,239,성인가요/트로트
당신,"보내야 할 당신 마음 괴롭더라도
가야만 할 당신 미련 남기지말고
맺지 못할 사랑인줄을 알면서도
사랑한 것이 싸늘한 뺨에
흘러 내리는 눈물의 상처되어
다시는 못 올 머나먼 길을
떠나야할 당신
맺지 못할 사랑인줄을 알면서도
사랑한 것이 싸늘한 뺨에 흘러
내리는 눈물의 상처되어
다시는 못 올 머나먼 길을
떠나야할 당신",배호,2010.08.18,158,성인가요/트로트
갈색추억,"희미한 갈색 등불 아래
싸늘히 식어가는 커피잔
사람들은 모두가 떠나고
나만홀로 남은 찻집
아무런 약속도 없는데
그사람 올리도 없는데
나도 몰래 또다시 찾아온
지난 날 추억속의 그찻집
우리는 나란히 커피를 마시며
뜨거운 가슴 나누었는데
음악에 취해서 사랑에 취해서
끝없이 행복했는데
어느날 갑자기 그대는 떠나고
갈색 등불 빛만 남아
외로운 찻잔에 싸늘한 찻잔에
희미한 갈색추억
우리는 나란히 커피를 마시며
뜨거운 가슴 나누었는데
음악에 취해서 사랑에 취해서
끝없이 행복했는데
어느날 갑자기 그대는 떠나고
갈색 등불 빛만 남아
외로운 찻잔에 싸늘한 찻잔에
희미한 갈색추억
어느날 갑자기 그대는 떠나고
갈색 등불 빛만 남아
외로운 찻잔에 싸늘한 찻잔에
희미한 갈색추억",한혜진,2010.10.28,201,성인가요/트로트
오빠는 잘있단다,"너를 만나 사랑했다 행복했었다
날 두고 떠나갈 수있나
잃어버린 세월에 내 이름 생각난다면
오빠는 잘 있단다
지킬 수 없었던 약속 남자는 울었지
실패한 사랑에 내 이름을 지우고
이별 앞에 몸을 숨긴 오빠를 잊어다오
세월 속에서 오빠는 잘 있단다

너를 만나 사랑했다 행복했었다
날 두고 떠나갈 수있나
잃어버린 세월에 내 이름 생각난다면
오빠는 잘 있단다
지킬 수 없었던 약속 남자는 울었지
실패한 사랑에 내 이름을 지우고
이별 앞에 몸을 숨긴 오빠를 잊어다오
세월 속에서 오빠는 잘 있단다
지킬 수 없었던 약속 남자는 울었지
실패한 사랑에 내 이름을 지우고
이별 앞에 몸을 숨긴 오빠를 잊어다오
세월 속에서 오빠는 잘 있단다",현숙,2011.03.30,100,성인가요/트로트
고장난 벽시계,"세월아 너는 어찌
돌아도 보지 않는냐
나를 속인 사랑보다
늬가 더욱 야속 하더라
한두번 사랑 땜에 울고 났더니
저만큼 가버린 세월
고장난 벽시계는 멈추었는데
저 세월은 고장도 없네
청춘아 너는 어찌
모른척 하고 있느냐
나를 버린 사람보다
늬가 더욱 무정하더라
뜬구름 쫓아가다 돌아 봤더니
어느새 흘러간 청춘
고장난 벽시계는 멈추었는데
저 세월은 고장도 없네",김연자,2011.05.03,227,성인가요/트로트
목마와 숙녀,"한 잔의 술을 마시고
우리는 버지니아 울프의 생애와
목마를 타고 떠난
숙녀의 옷자락을 이야기 한다
목마는 주인을 버리고
거져 방울소리만
울리며 가을 속으로 떠났다
술병에서 별이 떨어진다
상심한 별은
내 가슴에 가볍게 부서진다
그러한 잠시 내가 알던 소녀는
정원의 초목 옆에서 자라고
문학이 죽고 인생이 죽고
사랑의 진리마저
애증의 그림자를 버릴 때
목마를 탄 사랑의 사람은
보이지 않는다
세월은 가고 오는 것
한 때는 고립을 피하여 시들어 가고
이제 우리는 작별 하여야 한다
술병이 바람에 쓰러 지는
소리를 들으며
늙은 여류 작가의
눈을 바라다 보아야 한다
등대
불이 보이지 않아도
그저 간직한 페시미즘의
미래를 위하여
우리는 처량한 목마 소리를
기억 하여야 한다
모든 것이 떠나든 죽든
그저 가슴에 남은
희미한 의식을 붙잡고
우리는 버지니아
울프의 서러운 이야기를
들어야 한다
두개의 바위 틈을 지나
청춘을 찾는 뱀과 같이
눈을 뜨고 한 잔의
술을 마셔야 한다
인생은 외롭지도 않고
그저 낡은 잡지의 표지처럼
통속하거늘
한탄할 그 무엇이 무서워서
우리는 떠나는 것일까
목마는 하늘에 있고
방울소리는
귓전에 철렁거리는데
가을 바람 소리는
내 쓰러진 술병 속에서
목메어 우는데",박인희,2010.11.01,485,성인가요/트로트
울며헤진 부산항,"울며헤진 부산항을 돌아다보니
연락선 파도넘어 사라진 항구
이별만은 슬프더라
이별만은 야속터라
더구나 정들인 사람끼리 사람끼리
달빛아래 허허바다 물새만 울고
부산항 간곳없는 수평선 천리
이별만은 무정터라
이별만은 어렵더라
더구나 못잊을 사람끼리 사람끼리",남인수,1999.03.01,81,성인가요/트로트
허무한 마음,"마른 잎이 한 잎 두 잎
떨어지던 지난 가을날
사무치는 그리움만
남겨놓고 가버린 사람
다시 또 쓸쓸히 낙엽은 지고
찬서리 기러기 울며나는데
돌아온단 그 사람은
소식없어 허무한 마음
다시 또 쓸쓸히 낙엽은 지고
찬서리 기러기 울며나는데
돌아온단 그 사람은
소식없어 허무한 마음",정원,1995.08.29,82,성인가요/트로트
길,"세월따라 걸어온 길 멀지는 않았어도
돌아보니 자욱마다 사연도 많았다오
진달래꽃 피던 길에 첫사랑 불태웠고
지난 여름 그 사랑에
궂은 비 내렸다오
종달새 노래따라 한세월 흘러가고
뭉게구름 쳐다보며 한시절 보냈다오
잃어버린 지난 세월
그래도 후회는 없다
겨울로 간 저 길에는
흰 눈이 내리겠지",최희준,1990.09.01,72,성인가요/트로트
훌쩍훌쩍,"훌쩍 훌쩍 날 버리고 떠나지마요
설레는 사람이
이렇게 생길거라고 생각못했어
가슴이 마음이 떨려요
함께있으면 손이 닿으면
또 시작이 된건지
또 사랑이 온건지
뜨겁게 찡하게 한 번 만나 볼까요
사랑합니다 좋아합니다
훌쩍훌쩍 눈물이 나요
가지마세요 가지말아요
훌쩍훌쩍 날 버리고 떠나지마요
설레는 사람이
이렇게 생길거라고 생각 못했어
가슴이 마음이 떨려요
함께있으면 손이 닿으면
또 시작이 된건지
또 사랑이 온건지
뜨겁게 찡하게 한 번 만나 볼까요
사랑합니다 좋아합니다
훌쩍훌쩍 눈물이 나요
가지마세요 가지말아요
훌쩍훌쩍 날 버리고 떠나지마요
사랑합니다 좋아합니다
훌쩍훌쩍 눈물이 나요
가지마세요 가지말아요
훌쩍훌쩍 날 버리고 떠나지마요
사랑합니다 좋아합니다
훌쩍훌쩍 눈물이 나요
가지마세요 가지말아요
훌쩍훌쩍 날 버리고
날 버리고 떠나지마요",금단비,2011.12.12,139,성인가요/트로트
덕수궁 돌담길,"나훈아 - 덕수궁 돌담길
비내리는 덕수궁 돌담 저 길을
우산 없이 혼자서 거니는 사람
무슨 사연 있길래 혼자 거닐까
저토록 비를 맞고 혼자 거닐까
밤비가 소리없이 내리는 밤에
간주중
밤도 깊은 덕수궁 돌담 저 길을
비를 맞고 말없이 거니는 사람
옛날에는 두사람 거닐던 길을
지금은 어이해서 혼자 거닐까
밤비가 하염없이 내리는 밤에",나훈아,1999.07.01,59,성인가요/트로트
울고 넘는 박달재,"천둥산 박달재 를
울고넘는 우리님아
물항라 저고리가
궂은비에 젖는구려
왕 거미 집을 짓는
고개마다 구비 마다
울었소 소리첬소
이 가슴이 터지도록 .
부엉이 우는 산골
나를 두고 가는님아
돌아올 기약이나
성황님 께 빌고가소
도토리 묵을 싸서
허리춤에 달아주며
한사코 우는구나
박달재 에 금봉이야 .",이민숙,2005.03.01,19,성인가요/트로트
추풍령,"구름도 자고 가는 바람도 쉬어가는
추풍령 굽이마다 한 많은 사연
흘러간 그 세월을 뒤돌아 보며
주름진 그 얼굴에 이슬이 맺혀
그 모습 그립구나 추풍령 고개
기적도 숨이 차서 목메어 울고가는
추풍령 굽이마다 싸늘한 철길
떠나간 아쉬움이 뼈에 사무쳐
거칠은 두 뺨 위에 눈물이 어려
그 모습 흐렸구나 추풍령 고개",배호,2012.06.29,77,성인가요/트로트
번지없는 주막,"문패도 번지 수도 없는 주막에
궂은 비 나리는 이 밤도 애절쿠려
능수버들 태질하는
창살에 기대어
어느 날짜 오시겠소 울던 사람아
아주까리 초롱 밑에 마주 앉아서
따르는 이별주에
밤 비도 애절쿠려
귀밑머리 쓰다듬어
맹세는 길어도
못 믿겠소 못 믿겠소 울던 사람아",금잔디,2012.10.08,85,성인가요/트로트
도라지 고갯길,"연보라색 도라지꽃
피던 고갯길
사나이 가슴에
사랑을 주고
가버린 정든 님
이별이 서러워 이슬비도
하염없이 오는데
첫사랑에 울고 웃던
첫사랑에 울고 웃던
도라지 고갯길
백도라지 꽃잎이
지던 고갯길
사나이 가슴에
그리움 주고
떠나간 정든 님
잊지 못해서 산새들도
구슬프게 우는데
첫사랑에 울고 웃던
첫사랑에 울고 웃던
도라지 고갯길",김상진,2012.10.24,109,성인가요/트로트
지평선은 말이 없다,"어드메 계시온지 보고픈 어머님은
얼마나 멀고먼지 가고픈 내고향은
언제나 눈감으면 떠오르는 그모습
그리워 불러보는 이름이건만
지평선은 말이없다 대답이없다
드넓은 이세상에 외로운 우리남매
만나자 헤어지는 뼈져린 슬픈운명
차가운 이국땅에 쓰러져간 오빠를
가슴이 터지도록 불러보아도
지평선은 말이없다 대답이없다",이미자,2013.06.10,53,성인가요/트로트
할미꽃 사연,"어머님 무덤앞에
외로운 할미꽃
이 자식은 바라보며
눈물집니다
젊어서도 늙어서도
꼬부라진 할미꽃
그 사연 밤을 새워
들려 주시던
어머님의 그 목소리
어머님의 그 모습이
그 모습이
허공에 번져가네
어머님 무덤가에
꼬부라진 할미꽃
이 자식은 매만지며
흐느껴 웁니다
한평생을 자식위해
고생하신 어머니
그때는 몰랐어요
용서 하세요
나도 이제 부모 되니
어머님이 들려주신
그 이야기
이제는 알겠어요",김란영,2013.08.01,156,성인가요/트로트
화려한 인생아,"이 주먹하나로 나의 다리 하나로
오늘은 걷는다 뛰련다
찌들은 세상속에서
남자가 태어나
칼을 한번 뽑았으면은
사고한번 쳐야지
후회없게 살아봐야지
가진건 베짱이 전부지만
절대로 기가 죽지는 않아
멋있는 나니까 나니까 괜찮아
화려한 인생아 뜨거운 가슴아
이 한몸 산산이 부서져도
걱정마라
누구보다 멋있게 살꺼야
화려한 인생아 뜨거운 가슴아
어깨도 쫙펴고 살아야지
걱정마라
누구보다 멋있게 살꺼야
내 가슴속에는 뜨거운 내가 있다
그래서 걷는다 뛰련다
덤벼라 독한 세상아
남자가 태어나
칼을 한번 뽑았으면은
내 목숨을 걸겠다
다시 한번 주먹 꽉 쥔다
가진건 베짱이 전부지만
절대로 기가 죽지는 않아
멋있는 나니까 나니까 괜찮아
화려한 인생아 뜨거운 가슴아
이 한몸 산산이 부서져도
걱정마라
누구보다 멋있게 살꺼야
화려한 인생아 뜨거운 가슴아
어깨도 쫙펴고 살아야지
걱정마라
누구보다 멋있게 살꺼야
걱정마라
누구보다 멋있게 살꺼야",미스터 팡,2013.11.19,98,성인가요/트로트
오라버니,"날 사랑 하신다하니
정말 그러시다니
구름타고 빛나는
하늘 훨훨 날아 갑니다
날 사랑 하신다하니
정말 행복하여서
설레이다 떠는 가슴은
아픈줄도 모른 답니다
오라버니 어깨에 기대어 볼래요
커다란 가슴에 얼굴을 묻고
지금 이대로 죽어도 여한 없어요
난 정말 여자라서
행복해요 오라버니
사랑한다 말해 주세요
정신을 못차릴거야
오라버니 목소리에 울고 웃어요
내겐 영원한 오라버니
오라버니 어깨에 기대어 볼레요
커다란 가슴에 얼굴을 묻고
지금 이대로 죽어도 여한 없어요
난 정말 여자라서 행복해요
오라버니
사랑한다 말해 주세요
정신을 못차릴거야
오라버니 목소리에 울고 웃어요
내겐 영원한 오라버니
내겐 영원한 오라버니
나의 오라버니",금잔디,2013.12.12,222,성인가요/트로트
카리스마,"아 신라의 밤이여
이 세상에서 꿈꾸던 나의 인생은
세월 가면 잊혀지는 그런 게 아니야

하루를 살다가도 영원토록 기억되는 사람
그게 바로 나야
영웅처럼 사는 거야

이 세상에서 꿈꾸던 나의 사랑은
바람처럼 스쳐가는 그런 게 아니야

하루를 사랑해도 숨이 막혀 미칠 듯한 사랑
그게 바로 나야
영화처럼 사는 거야

어둠을 제압하는 불타는 눈빛
폭풍을 잠 재우는 잔잔한 미소

세상 모든 만물들이 고개를 숙이고
하늘을 끌어안는 넉넉한 가슴

대지를 불사르는 뜨거운 정열
그게 바로 나야
거침없는 카리스마

이 세상에서 펼쳐진 나의 인생은
오랜 세월 꿈꿔왔던 그런 게 아니야

하지만 세월 앞에 모든 것을 포기 하진 않아
그게 바로 나야
희망 속에 사는 거야

어둠을 제압하는 불타는 눈빛
폭풍을 잠재우는 잔잔한 미소

세상 모든 만물들이 고개를 숙이고
하늘을 끌어안은 넉넉한 가슴

대지를 불사르는 뜨거운 정열
그게 바로 나야
거침없는 카리스마

하늘을 끌어안은 넉넉한 가슴
대지를 불사르는 뜨거운 정열

그게 바로 나야
거침없는 카리스마

그게 바로 나야
거침없는 카리스마",유미,2014.11.20,117,성인가요/트로트
나이야 가라,"나이아가라
폭포는 멋있지만
나이야 나이야 너는 싫다
내가 내가 너를
부르지도 않았는데
날 찾아오는 나이야 가라
너만 없으면 너만 없으면
해 보고 싶은 것도 많은데

다시 한 번 해 보고 싶은데
꼭 한 번 멋있게 살고 싶다
나이야 가라
가라 가라 너는 가라
나이야 가라
나이야 가라
아까운 내 청춘을
나이야 데리고 가지를 마라
사랑도 오래 오래
내 청춘도 오래 오래
붙잡아 두고 살고 싶은데
너만 없으면 너만 없으면
해 보고 싶은 것도 많은데
달콤한 사랑도 후회 없는 인생도
다시 한 번 해 보고 싶은데
꼭 한 번 멋있게 살고 싶다
나이야 가라
가라 가라 너는 가라
나이야 가라
쓸 데 없는 너는 가라
나이야 가라",하춘화,2014.12.23,255,성인가요/트로트
여자랍니다,"여보세요 나를 보세요
나는 그대 여자랍니다
일생동안 변치 않는 벗이 되어
영원히 함께 할래요
그대에게 할 말이 있어요
난 그대의 여자랍니다
남 몰래 그댈 보면 또 내 가슴이
두근 두근 두근 거려요
난 몰라 그대 생각에 설레이다
두 볼이 빨개지네요
바람이 내 귓가를 스치듯
그대 숨결을 느끼면
사랑이 내게 온다고 믿어요
당신도 나와 같나요
여보세요 나를 보세요
나는 그대 여자랍니다
일생동안 변치 않는 벗이 되어
영원히 함께 할래요
그대에게 할 말이 있어요
난 그대의 여자랍니다
남 몰래 그댈 보면 또 내 가슴이
두근 두근 두근 거려요
난 몰라 그대 생각에 설레이다
두 볼이 빨게 지내요
바람이 내 귓가를 스치듯
그대 숨결을 느끼며
사랑이 내게 온다고 믿어요
당신도 나와 같나요
여보세요 나를 보세요
나는 그대 여자랍니다
일생동안 변치 않는 벗이 되어
영원히 함께 할래요
여보세요 할 말 있어요
나는 그대 여자랍니다
일생동안 하나되는 그 날까지
영원히 변치 말아요
그대만이 나를 위한 남자
난 그대의 여자랍니다",박규리,2015.11.05,63,성인가요/트로트
아내에게 (리메이크),"그댄 평생을 모두 바쳐서
나만을 사랑해 준 단 한사람
그 마음이 너무 깊어서
이제껏 못 봤나보오
이제 내가 그대를 위해서
지난 날 갚으려 하는데
뭐가 그리 그대는 바쁜지
이 사랑을 이 사랑을 떠나려하오
내 하나의 사랑 그댄
나의 전분데
누구도 대신 할수 없는 그대인데
내 가슴이 무너져
내 가슴이 찢어져
그대를 볼 수가 없는데
그대를 놓을 수가 없는데
그래 그댄 힘들었을 거야
내 모든 걸 다 받아 주었었잖아
그대없이 나 혼자 어떻게
이 세상을 이 세상을 살아가라고
내 하나의 사랑
그댄 나의 전분데
누구도 대신 할수 없는 그대인데
내 가슴이 무너져
내 가슴이 찢어져
그대를 볼 수가 없는데
루루루루루루 루루루 루
사랑한다고 사랑한다고
널 사랑한다고
내 하나의 사랑
그댄 나의 전분데
누구도 대신 할 수 없는
그대인데
내 가슴이 무너져
내 가슴이 찢어져
그대를 볼수가 없는데
그대를 놓을 수가 없는데",태진아,2016.03.11,36,성인가요/트로트
둥지,"너 빈자리 채워 주고 싶어
내 인생을 전부 주고 싶어
이젠 너를 내 곁에다 앉히고
언제까지나 사랑 할까봐
우리 더 이상 방황하지마
한눈 팔지마 여기 둥지를 틀어
지난 날의 아픔은 잊어버려
스쳐 지나가는 바람처럼
이제 너는 혼자가 아니잖아
사랑하는 나 있잖아
너는 그냥 가만히 있어
다 내가 해 줄게
현실일까 꿈일까 사실일까 아닐까
헷갈리고 서 있지마 우
사랑이 뭔지 그동안 몰랐지
내 품에 둥지를 틀어봐
너 빈자리 채워 주고 싶어
내 인생을 전부 주고 싶어
이젠 너를 내 곁에다 앉히고
언제까지나 사랑 할까봐
우리 더 이상 방황하지마
한눈 팔지마 여기 둥지를 틀어
지난 날의 아픔은 잊어버려
스쳐 지나가는 바람처럼
이제 너는 혼자가 아니잖아
사랑하는 나 있잖아
너는 그냥 가만히 있어
다 내가 해 줄게
현실일까 꿈일까 사실일까 아닐까
헷갈리고 서 있지마 우
사랑이 뭔지 그동안 몰랐지
내 품에 둥지를 틀어봐
내 품에 둥지를 틀어봐",남진,2016.03.29,273,성인가요/트로트
원망,"사랑이 눈물이라면
애당초 믿지 말 것을
내 곁에 머무를 때
조금만 더 잘해줄걸
뉘우쳐도 부질없는 일
내 맘도 모르는 채 떠난 그 사람
야속타 생각하면 가슴에
소리없이 흐르는 눈물
아 이 못난
내가 이제와 누굴 원망해
사랑이 눈물이라면
애당초 믿지 말 것을
그렇게 투정할 때
조금만 더 잘해줄걸
뉘우치는 사나이 마음
내 맘도 모르는 채 떠난 그 사람
야속타 생각하면 가슴에
소리 없이 흐르는 눈물
아 숨쉬는 날까지
죽어도 못 잊을 당신",민수현,2016.03.07,60,성인가요/트로트
책임져,"이렇게 만난 것도 인연인데
툭 한번 털어놔 봐요
날 어디까지 생각해요
혹시 애인이 있나요
외모가 뛰어난 건 아니지만
난 정말 괜찮은 남자
당신만 오케이 해 준다면
사랑에 빠지고 싶어
아 사랑의 꼭지점까지
얼마나 기다려야 해
내 사랑의 잠금 장치를
당신이 풀어놓은 거야
아 내 마음을
나도 몰라 책임져
그렇게 시작했던 사랑으로
내 곁에 와 있는 여자
지금도 나는 행복해요
당신의 남자라는 게
아 사랑의 꼭지점까지
얼마나 기다려야 해
내 사랑의 잠금 장치를
당신이 풀어놓은 거야
아 내 마음을
나도 몰라 책임져
그렇게 시작했던 사랑으로
내 곁에 와 있는 여자
지금도 나는 행복해요
당신의 남자라는 게
지금도 나는 행복해요
당신의 남자라는 게",강문경,2016.12.05,196,성인가요/트로트
고맙소 (Inst.),"이 나이 먹도록 세상을 잘 모르나 보다

진심을 다해도 나에게 상처를 주네

이 나이 먹도록 사람을 잘 모르나 보다

사람은 보여도 마음은 보이지 않아

이 나이 되어서 그래도 당신을 만나서

고맙소 고맙소 늘 사랑하오

술 취한 그날 밤 손등에 눈물을 떨굴 때

내 손을 감싸며 괜찮아 울어준 사람

세상이 등져도 나라서 함께 할거라고

등뒤에 번지던 눈물이 참 뜨거웠소

이 나이 되어서 그래도 당신을 만나서

고맙소 고맙소 늘 사랑하오

못난 나를 만나서

긴 세월 고생만 시킨 사람

이런 사람이라서 미안하고 아픈 사람

나 당신을 위해 살아가겠소

남겨진 세월도 함께 갑시다

고맙소 고맙소 늘 사랑하오",조항조,2017.08.31,120,성인가요/트로트
따라줘,"오랜만에 만난 첫사랑 그 오빠
나를 아주 많이 아껴준 그 오빠
잘 지내냔 한마디에 눈물이 글썽
추억의 파도가 밀려오네요
빛 바랜 추억 속에 사랑이 있고
술잔엔 그리움이 있지요
쓰디쓴 그대의 인생
고달픈 우리네 인생
한잔 술에 잊어버려요
오빠야 오늘밤 한잔 따라줘
세상 근심걱정 싹 다 날려버리게
사랑아 찐하게 한번 안아줘
우리의 사랑을 위해
오랜만에 만난 첫사랑 그 오빠
나를 아주 많이 아껴준 그 오빠
사랑했다 한마디에 눈물이 글썽
추억의 파도가 밀려오네요
빛 바랜 추억 속에 사랑이 있고
술잔엔 그리움이 있지요
쓰디쓴 그대의 인생
고달픈 우리네 인생
한잔 술에 잊어버려요
오빠야 오늘밤 한잔 따라줘
세상 근심걱정 싹 다 날려버리게
사랑아 찐하게 한번 안아줘
우리의 사랑을 위해
오빠야 오늘밤 한잔 따라줘
세상 근심걱정 싹 다 날려버리게
사랑아 찐하게 한번 안아줘
우리의 사랑을 위해
우리의 청춘을 위해",설하윤,2018.03.20,295,성인가요/트로트
십분내로,"그래요 믿어줄께요 나만 사랑한다면
딱 한가지만 약속해 줘요 내가 전화할 때
늦어도 십분내로 내게로 달려와요
꾸물대지말고 핑계 대지말고
옆길로 새지도 말고 여자는 꽃이랍니다
혼자 두지 말아요
당신 가슴에 영원히 지지않는
꽃이 될래요 십분내로
그래요 믿어줄께요 나만 사랑한다면
딱 한가지만 약속해 줘요 세상 끝나도록
바람이 분다해도 눈보라 친다해도
나만 사랑한다 나만 생각한다
그렇게 약속해줘요
당신은 나만의 남자 나는 당신의 여자
언제나 멋진 당신 가슴에 안겨
꽃이 될래요 십분내로",박서진,2019.03.22,"1,085",성인가요/트로트
